member,member_sha256,cell_number,cell_id,cohort,file_role,worksheet,header_row,rows_seen,selected_rows,unique_local_cycles,local_cycle_min,local_cycle_max,first_cycle_rows,last_cycle_rows,median_prior_cycle_rows,median_middle_cycle_rows,last_cycle_fraction_of_prior_median,first_cycle_fraction_of_middle_median,data_point_min,data_point_max,datetime_min,datetime_max,first_cycle_datetime_min,first_cycle_datetime_max,last_cycle_datetime_min,last_cycle_datetime_max,allowed_fields_only,outcome_fields_read,model_code_imported,model_output_generated
kw34hhw7xg-3/Cycled with Arbitrary Uses Profiles/#1/LR1865SZ_first20cycle210117_001_1.xlsx,70b3432c6ae903ebf591d30a02003e409318a450ebc650e25a9becdc7d5c46c3,1,BIT_#1,arbitrary_use,first20,记录表,1,313535,313534,21,1,21,6488,10322,15611.5,15616.0,0.661179258879672,0.41547131147540983,1.0,313534.0,2021-01-17T11:28:47,2021-01-21T03:05:07,2021-01-17T11:28:47,2021-01-17T13:17:32,2021-01-21T00:12:43,2021-01-21T03:05:07,True,False,False,False
kw34hhw7xg-3/Cycled with Arbitrary Uses Profiles/#1/LR1865SZ_cycles210121_001_1.xlsx,f8115184a3fabe4d72555d78eb332c628e1176dad2541e054da3265f358ed49c,1,BIT_#1,arbitrary_use,later,记录表,1,259019,259018,101,1,101,1717,3574,2420.0,2431.0,1.4768595041322314,0.7062937062937062,1.0,259018.0,2021-01-21T08:31:31,2021-01-24T08:51:24,2021-01-21T08:31:31,2021-01-21T09:00:08,2021-01-24T07:51:31,2021-01-24T08:51:24,True,False,False,False
kw34hhw7xg-3/Cycled with Fixed Current Profiles/#2/LR1865SZ_first20cycle201213_001_1.xlsx,79e62ab7085865b3a75ce746c71f3a6a9a3bb0127acf967099c214a8d39b8842,2,BIT_#2,fixed_profile,first20,记录表,1,309669,309668,21,1,21,6459,9993,15451.5,15458.0,0.6467333268614698,0.41784189416483375,1.0,309668.0,2020-12-13T12:09:32,2020-12-17T02:55:05,2020-12-13T12:09:32,2020-12-13T13:58:22,2020-12-17T00:04:26,2020-12-17T02:55:05,True,False,False,False
kw34hhw7xg-3/Cycled with Arbitrary Uses Profiles/#3/LR1865SZ_first20cycle201224_001_1.xlsx,955e027ffcecd4cc5e23f69926fd883f53f7472e89594e3208f5a74835947381,3,BIT_#3,arbitrary_use,first20,记录表,1,314622,314621,21,1,21,6486,10392,15667.0,15667.0,0.6633050360630625,0.41399119167677284,1.0,314621.0,2020-12-24T20:19:02,2020-12-28T12:02:11,2020-12-24T20:19:02,2020-12-24T22:07:49,2020-12-28T09:08:20,2020-12-28T12:02:11,True,False,False,False
kw34hhw7xg-3/Cycled with Arbitrary Uses Profiles/#3/LR1865SZ_cycles201228_001_1.xlsx,69a3f94ad6cc7c98e24202179e03467cc6794d6f075dd2c45825022b90e777ee,3,BIT_#3,arbitrary_use,later,记录表,1,208394,208393,101,1,101,1706,2302,1797.5,1821.0,1.2806675938803895,0.9368478857770456,1.0,208393.0,2020-12-28T14:47:00,2020-12-31T01:04:19,2020-12-28T14:47:00,2020-12-28T15:15:45,2020-12-31T00:25:50,2020-12-31T01:04:19,True,False,False,False
kw34hhw7xg-3/Cycled with Arbitrary Uses Profiles/#4/LR1865SZ_first20cycle210105_001_1.xlsx,55b9e20d2100dc89cd2f7606f3442744f05f317b45d7e8ce4e18366cb05cd4a9,4,BIT_#4,arbitrary_use,first20,记录表,1,313272,313271,21,1,21,6520,10301,15618.5,15619.0,0.6595383679610718,0.4174402970740764,1.0,313271.0,2021-01-05T23:38:14,2021-01-09T15:05:10,2021-01-05T23:38:14,2021-01-06T01:27:16,2021-01-09T12:12:31,2021-01-09T15:05:10,True,False,False,False
kw34hhw7xg-3/Cycled with Arbitrary Uses Profiles/#4/LR1865SZ_cycles210109_001_1.xlsx,c49497535d100f685817e0e5aa1bece9eeafd28b828a8228406140d4e06dc350,4,BIT_#4,arbitrary_use,later,记录表,1,208765,208764,101,1,101,1734,2021,1792.5,1793.0,1.1274755927475593,0.9670942554378137,1.0,208764.0,2021-01-09T18:24:13,2021-01-12T04:41:25,2021-01-09T18:24:13,2021-01-09T18:53:13,2021-01-12T04:07:39,2021-01-12T04:41:25,True,False,False,False
kw34hhw7xg-3/Cycled with Arbitrary Uses Profiles/#5/LR1865SZ_first20cycle210117_001_2.xlsx,2d1ec5ced27507627b3bdbbd37976441ce8cdb507d28f053887e3e7a4672eba8,5,BIT_#5,arbitrary_use,first20,记录表,1,320765,320764,21,1,21,6514,10773,16109.5,16110.0,0.6687358391011515,0.4043451272501552,1.0,320764.0,2021-01-17T09:10:19,2021-01-21T02:48:22,2021-01-17T09:10:19,2021-01-17T10:59:31,2021-01-20T23:48:25,2021-01-21T02:48:22,True,False,False,False
kw34hhw7xg-3/Cycled with Arbitrary Uses Profiles/#5/LR1865SZ_cycles210121_001_2.xlsx,ce4f0b6777ab177f7f8a2676d24bcac876247b4adfb3490a1d954f37cfa64376,5,BIT_#5,arbitrary_use,later,记录表,1,267949,267948,101,1,101,1727,3615,2477.5,2486.0,1.4591321897073664,0.6946902654867256,1.0,267948.0,2021-01-21T08:31:46,2021-01-24T11:21:39,2021-01-21T08:31:46,2021-01-21T09:00:34,2021-01-24T10:21:10,2021-01-24T11:21:39,True,False,False,False
kw34hhw7xg-3/Cycled with Fixed Current Profiles/#6/LR1865SZ_first20cycle201213_001_2.xlsx,d67dd84a897dc9a39630429493185bcff8f2c8f3d587e23eee262a9e7cffa5cc,6,BIT_#6,fixed_profile,first20,记录表,1,317858,317857,21,1,21,6476,10419,15860.5,15866.0,0.656914977459727,0.4081684104374133,1.0,317857.0,2020-12-13T12:09:32,2020-12-17T05:13:13,2020-12-13T12:09:32,2020-12-13T13:58:41,2020-12-17T02:17:26,2020-12-17T05:13:13,True,False,False,False
kw34hhw7xg-3/Cycled with Fixed Current Profiles/#6/LR1865SZ_cycles201217_001_2.xlsx,ecc9707183050678ba7682d0be5ded805151e6bd27323348fbe943129dd6fff7,6,BIT_#6,fixed_profile,later,记录表,1,126649,126648,101,1,101,1726,1930,1129.0,1125.0,1.7094774136403896,1.5342222222222222,1.0,126648.0,2020-12-17T09:45:59,2020-12-18T21:05:47,2020-12-17T09:45:59,2020-12-17T10:14:54,2020-12-18T20:33:33,2020-12-18T21:05:47,True,False,False,False
kw34hhw7xg-3/Cycled with Arbitrary Uses Profiles/#7/LR1865SZ_first20cycle201225_001_2.xlsx,ec2cfc6369d157c6aacd8c015cce31fe5ca4dfbee26feacd8592d07ab43b471a,7,BIT_#7,arbitrary_use,first20,记录表,1,323801,323800,21,1,21,6521,10825,16180.5,16208.0,0.6690151725842836,0.40233218163869694,1.0,323800.0,2020-12-25T09:23:41,2020-12-29T03:42:21,2020-12-25T09:23:41,2020-12-25T11:12:41,2020-12-29T00:41:23,2020-12-29T03:42:21,True,False,False,False
kw34hhw7xg-3/Cycled with Arbitrary Uses Profiles/#7/LR1865SZ_cycles201229_001_2.xlsx,dd7d1046ee652bcf593f9e04d1d4f9397c923b631fe02badb74ec9e7e0aafb3f,7,BIT_#7,arbitrary_use,later,记录表,1,212105,212104,101,1,101,1726,2326,1797.5,1798.0,1.294019471488178,0.9599555061179088,1.0,212104.0,2020-12-29T09:20:09,2020-12-31T20:41:47,2020-12-29T09:20:09,2020-12-29T09:49:06,2020-12-31T20:02:49,2020-12-31T20:41:47,True,False,False,False
kw34hhw7xg-3/Cycled with Arbitrary Uses Profiles/#8/LR1865SZ_first20cycle210105_001_2.xlsx,505e8bd171a463365a7242f7e0bc3376484c3f25bdda37485b8c1efff9661d42,8,BIT_#8,arbitrary_use,first20,记录表,1,318632,318631,21,1,21,6495,10636,15937.0,15947.0,0.6673778000878459,0.40728663698501283,1.0,318631.0,2021-01-05T23:38:22,2021-01-09T16:36:27,2021-01-05T23:38:22,2021-01-06T01:27:02,2021-01-09T13:38:12,2021-01-09T16:36:27,True,False,False,False
kw34hhw7xg-3/Cycled with Arbitrary Uses Profiles/#8/LR1865SZ_cycles210109_001_2.xlsx,532a821c4d75352ad419fd9e32ea0fdfb9a1934272ea1d75ff9d5bb6f73cfcc4,8,BIT_#8,arbitrary_use,later,记录表,1,197218,197217,101,1,101,1721,2003,1662.5,1658.0,1.204812030075188,1.0379975874547647,1.0,197217.0,2021-01-09T18:24:36,2021-01-12T01:29:14,2021-01-09T18:24:36,2021-01-09T18:53:25,2021-01-12T00:55:48,2021-01-12T01:29:14,True,False,False,False
kw34hhw7xg-3/Cycled with Arbitrary Uses Profiles/#9/LR1865SZ_first20cycle210117_001_3.xlsx,bb7af6721297710989c21f82258531d282a204d185fc7320b42803e6c64958ad,9,BIT_#9,arbitrary_use,first20,记录表,1,314259,314258,21,1,21,6500,10455,15646.0,15649.0,0.6682219097532915,0.41536200396191447,1.0,314258.0,2021-01-17T11:28:53,2021-01-21T03:20:24,2021-01-17T11:28:53,2021-01-17T13:17:50,2021-01-21T00:25:52,2021-01-21T03:20:24,True,False,False,False
kw34hhw7xg-3/Cycled with Arbitrary Uses Profiles/#9/LR1865SZ_cycles210121_001_3.xlsx,f439df25080dd6d60c900f5a5988dca4940f17e12b61f4b05b3f889bd4ba864d,9,BIT_#9,arbitrary_use,later,记录表,1,279410,279409,101,1,101,1729,3755,2518.0,2520.0,1.4912629070691024,0.6861111111111111,1.0,279409.0,2021-01-21T08:31:46,2021-01-24T14:33:24,2021-01-21T08:31:46,2021-01-21T09:00:36,2021-01-24T13:30:36,2021-01-24T14:33:24,True,False,False,False
kw34hhw7xg-3/Cycled with Arbitrary Uses Profiles/#11/LR1865SZ_first20cycle201225_001_3.xlsx,f8554e21ea7edf5a96ac0be5fde3920ab51d69b169ad007a86677522981899af,11,BIT_#11,arbitrary_use,first20,记录表,1,317966,317965,21,1,21,6523,10669,15871.0,15871.0,0.6722323735114359,0.4110011971520383,1.0,317965.0,2020-12-25T09:23:46,2020-12-29T02:05:20,2020-12-25T09:23:46,2020-12-25T11:12:50,2020-12-28T23:06:58,2020-12-29T02:05:20,True,False,False,False
kw34hhw7xg-3/Cycled with Arbitrary Uses Profiles/#11/LR1865SZ_cycles201229_001_3.xlsx,0d9bbd865d5ba8e4ae1abb0713282286be69f93c1c51e1db301aecc3824b036c,11,BIT_#11,arbitrary_use,later,记录表,1,207104,207103,101,1,101,1725,2270,1796.0,1862.0,1.2639198218262806,0.9264232008592911,1.0,207103.0,2020-12-29T09:20:14,2020-12-31T19:18:09,2020-12-29T09:20:14,2020-12-29T09:49:08,2020-12-31T18:40:03,2020-12-31T19:18:09,True,False,False,False
kw34hhw7xg-3/Cycled with Arbitrary Uses Profiles/#12/LR1865SZ_first20cycle210105_001_3.xlsx,1cb7f7c25432a9c19a22dcd1fed0e32f737576fc0ca2c5d3de2c946070f4edd9,12,BIT_#12,arbitrary_use,first20,记录表,1,316905,316904,21,1,21,6514,10522,15829.0,15834.0,0.664729294333186,0.4113932044966528,1.0,316904.0,2021-01-05T23:38:22,2021-01-09T16:09:53,2021-01-05T23:38:22,2021-01-06T01:27:21,2021-01-09T13:13:28,2021-01-09T16:09:53,True,False,False,False
kw34hhw7xg-3/Cycled with Arbitrary Uses Profiles/#12/LR1865SZ_cycles210109_001_3.xlsx,8e9a954c6043a916f6105967854e5d162d6133f3e432346a6ed16bda09a3f539,12,BIT_#12,arbitrary_use,later,记录表,1,204329,204328,101,1,101,1724,2011,1751.5,1754.0,1.1481587210962032,0.9828962371721779,1.0,204328.0,2021-01-09T18:24:36,2021-01-12T03:27:56,2021-01-09T18:24:36,2021-01-09T18:53:27,2021-01-12T02:54:21,2021-01-12T03:27:56,True,False,False,False
kw34hhw7xg-3/Cycled with Arbitrary Uses Profiles/#14/LR1865SZ_first20cycle201225_001_5.xlsx,5716cfdefe836cd9d099a5b446e364d954e2ccc36a7515971257f5e7c5ec169f,14,BIT_#14,arbitrary_use,first20,记录表,1,325706,325705,21,1,21,6529,10787,16245.5,16246.0,0.6639992613339079,0.4018835405638311,1.0,325705.0,2020-12-25T13:02:39,2020-12-29T07:54:14,2020-12-25T13:02:39,2020-12-25T14:52:22,2020-12-29T04:54:07,2020-12-29T07:54:14,True,False,False,False
kw34hhw7xg-3/Cycled with Arbitrary Uses Profiles/#14/LR1865SZ_cycles201229_001_5.xlsx,fbd93daad24507115a173a659ea8f33c3d7bc7cef685f391b488a5866da8a040,14,BIT_#14,arbitrary_use,later,记录表,1,267923,267922,101,1,101,1745,3740,2355.0,2365.0,1.5881104033970277,0.7378435517970402,1.0,267922.0,2020-12-29T09:20:29,2021-01-01T12:19:32,2020-12-29T09:20:29,2020-12-29T09:49:43,2021-01-01T11:16:56,2021-01-01T12:19:32,True,False,False,False
kw34hhw7xg-3/Cycled with Arbitrary Uses Profiles/#15/LR1865SZ_first20cycle210106_001_5.xlsx,eaab0c0811c30c64e7e2bb70d14204af133c1f7ea6c62e63e0f1a80bd6f3685b,15,BIT_#15,arbitrary_use,first20,记录表,1,323228,323227,21,1,21,6458,10807,16073.0,16076.0,0.672369812729422,0.401716844986315,1.0,323227.0,2021-01-06T20:08:57,2021-01-10T14:23:08,2021-01-06T20:08:57,2021-01-06T21:57:48,2021-01-10T11:22:28,2021-01-10T14:23:08,True,False,False,False
kw34hhw7xg-3/Cycled with Arbitrary Uses Profiles/#15/LR1865SZ_cycles210110_001_5.xlsx,85aab25772e0390da3c71b805846a81f8dbabd30ffa870a4c716f3cc39c9c9a4,15,BIT_#15,arbitrary_use,later,记录表,1,217170,217169,101,1,101,1717,2042,1900.5,1911.0,1.0744540910286766,0.8984824699110413,1.0,217169.0,2021-01-10T15:54:47,2021-01-13T04:35:24,2021-01-10T15:54:47,2021-01-10T16:23:37,2021-01-13T04:01:19,2021-01-13T04:35:24,True,False,False,False
kw34hhw7xg-3/Cycled with Arbitrary Uses Profiles/#17/LR1865SZ_first20cycle201225_001_6.xlsx,3b1d9de13a40790bd62c834318446f7445f043997718277e60c1bc82186e3439,17,BIT_#17,arbitrary_use,first20,记录表,1,320553,320552,21,1,21,6531,10595,16008.0,16009.0,0.6618565717141429,0.4079580236117184,1.0,320552.0,2020-12-25T09:23:04,2020-12-29T02:49:50,2020-12-25T09:23:04,2020-12-25T11:12:18,2020-12-28T23:52:35,2020-12-29T02:49:50,True,False,False,False
kw34hhw7xg-3/Cycled with Arbitrary Uses Profiles/#17/LR1865SZ_cycles201229_001_6.xlsx,3caf26c5c421393a6b193e0aacf9b8d507fc4a66729292fb940d6f2f727c8884,17,BIT_#17,arbitrary_use,later,记录表,1,262759,262758,101,1,101,1731,3696,2334.0,2344.0,1.583547557840617,0.738481228668942,1.0,262758.0,2020-12-29T09:20:33,2021-01-01T10:52:07,2020-12-29T09:20:33,2020-12-29T09:49:33,2021-01-01T09:50:09,2021-01-01T10:52:07,True,False,False,False
kw34hhw7xg-3/Cycled with Arbitrary Uses Profiles/#18/LR1865SZ_first20cycle210106_001_6.xlsx,e8623b35f59c8954c4b98e74ffa6a03f1f37cda50ba1b74208733b8d20cd0811,18,BIT_#18,arbitrary_use,first20,记录表,1,319933,319932,21,1,21,6510,10716,15944.5,15949.0,0.6720812819467528,0.4081760611950592,1.0,319932.0,2021-01-06T20:09:04,2021-01-10T13:28:54,2021-01-06T20:09:04,2021-01-06T21:58:43,2021-01-10T10:29:37,2021-01-10T13:28:54,True,False,False,False
kw34hhw7xg-3/Cycled with Arbitrary Uses Profiles/#18/LR1865SZ_cycles210110_001_6.xlsx,62c91ebc1579efaa4df4cbf821197d2dcbabde3b7d14fc0e831ee001fe2d2e01,18,BIT_#18,arbitrary_use,later,记录表,1,213458,213457,101,1,101,1738,2024,1858.5,1888.0,1.0890503093892925,0.9205508474576272,1.0,213457.0,2021-01-10T15:54:51,2021-01-13T03:33:14,2021-01-10T15:54:51,2021-01-10T16:24:02,2021-01-13T02:59:22,2021-01-13T03:33:14,True,False,False,False
kw34hhw7xg-3/Cycled with Arbitrary Uses Profiles/#20/LR1865SZ_first20cycles201201_001_7.xlsx,1ee646071e22b07044c8e32c26413cfc66e390bf6b0c39b258dc1584f41407ad,20,BIT_#20,arbitrary_use,first20,记录表,1,322271,322270,21,1,21,6553,10725,16041.0,16048.0,0.6685992145128109,0.40833748753738786,1.0,322270.0,2020-12-01T13:18:28,2020-12-05T07:10:58,2020-12-01T13:18:28,2020-12-01T15:08:35,2020-12-05T04:12:07,2020-12-05T07:10:58,True,False,False,False
kw34hhw7xg-3/Cycled with Arbitrary Uses Profiles/#20/LR1865SZ_cycles210103_001_7.xlsx,af1ce51eb7e58574ec3e6d740365c8c85ec954ae462cae65f82d876e76d3717d,20,BIT_#20,arbitrary_use,later,记录表,1,283957,283956,101,1,101,1713,2464,2800.0,3287.0,0.88,0.5211439002129602,1.0,283956.0,2021-01-03T09:33:07,2021-01-06T16:45:00,2021-01-03T09:33:07,2021-01-03T10:01:48,2021-01-06T16:03:23,2021-01-06T16:45:00,True,False,False,False
kw34hhw7xg-3/Cycled with Arbitrary Uses Profiles/#21/LR1865SZ_first20cycle210112_001_7.xlsx,2ef74cc6895fab5169070406747f6ece3b712aea646a2086cb8908c5450c42df,21,BIT_#21,arbitrary_use,first20,记录表,1,320486,320485,21,1,21,6527,10681,15932.5,15944.0,0.6703907108112349,0.40937029603612646,1.0,320485.0,2021-01-12T11:06:27,2021-01-16T06:05:47,2021-01-12T11:06:27,2021-01-12T12:55:55,2021-01-16T03:06:27,2021-01-16T06:05:47,True,False,False,False
kw34hhw7xg-3/Cycled with Arbitrary Uses Profiles/#21/LR1865SZ_cycles210116_001_7.xlsx,ca0493bf578bf84960a5f18fa2580e217d384de03783f32efa9a91df880d553d,21,BIT_#21,arbitrary_use,later,记录表,1,234780,234779,101,1,101,1713,2347,2046.0,2046.0,1.1471163245356795,0.8372434017595308,1.0,234779.0,2021-01-16T08:31:51,2021-01-19T02:14:16,2021-01-16T08:31:51,2021-01-16T09:00:40,2021-01-19T01:34:44,2021-01-19T02:14:16,True,False,False,False
kw34hhw7xg-3/Cycled with Fixed Current Profiles/#22/LR1865SZ_first20cycle201210_002_1.xlsx,13206aebaa767b57c32f2b120cdaa84466d5d091f5568e6a1b5a531937ab402c,22,BIT_#22,fixed_profile,first20,记录表,1,325013,325012,21,1,21,6511,10842,16192.5,16197.0,0.669569245020843,0.4019880224732975,1.0,325012.0,2020-12-10T14:02:38,2020-12-14T08:55:22,2020-12-10T14:02:38,2020-12-10T15:52:03,2020-12-14T05:54:11,2020-12-14T08:55:22,True,False,False,False
kw34hhw7xg-3/Cycled with Fixed Current Profiles/#22/LR1865SZ_cycle201214_002_1.xlsx,f7aae9dd4946ad2266c84839813df87ead9cac9b91e2831af0f09f3c8dae54b4,22,BIT_#22,fixed_profile,later,记录表,1,141710,141709,101,1,101,2305,1883,1131.0,1130.0,1.664898320070734,2.0398230088495577,1.0,141709.0,2020-12-14T10:15:52,2020-12-16T01:54:38,2020-12-14T10:15:52,2020-12-14T10:54:56,2020-12-16T01:23:09,2020-12-16T01:54:38,True,False,False,False
kw34hhw7xg-3/Cycled with Fixed Current Profiles/#23/LR1865SZ_first20cycle201222_002_1.xlsx,b77c8b233e90502bcd4c1269548a152dc15b6c95e78aac743114e3eee5ea7636,23,BIT_#23,fixed_profile,first20,记录表,1,322720,322719,21,1,21,6465,10726,16064.5,16067.0,0.6676834012885555,0.40237754403435616,1.0,322719.0,2020-12-22T10:07:08,2020-12-26T04:10:06,2020-12-22T10:07:08,2020-12-22T11:55:44,2020-12-26T01:10:38,2020-12-26T04:10:06,True,False,False,False
kw34hhw7xg-3/Cycled with Fixed Current Profiles/#23/LR1865SZ_cycles201226_002_1.xlsx,f0c5f7526c4bd5cd0f8060926137aa8049d1d93b391a85fb91bac61bd5aab56c,23,BIT_#23,fixed_profile,later,记录表,1,153387,153386,101,1,101,4069,1856,1107.0,1096.0,1.6766034327009938,3.7125912408759123,1.0,153386.0,2020-12-26T08:59:03,2020-12-28T03:40:52,2020-12-26T08:59:03,2020-12-26T10:07:11,2020-12-28T03:09:56,2020-12-28T03:40:52,True,False,False,False
kw34hhw7xg-3/Cycled with Arbitrary Uses Profiles/#24/LR1865SZ_first20cycle210104_002_1.xlsx,1ed713e2be925d7351f54c8cd16a7cb1c2f14bb09b199a58c606908674ce3eb0,24,BIT_#24,arbitrary_use,first20,记录表,1,320251,320250,21,1,21,6472,10636,15937.5,15941.0,0.6673568627450981,0.40599711435919955,1.0,320250.0,2021-01-04T08:55:55,2021-01-08T02:16:58,2021-01-04T08:55:55,2021-01-04T10:44:28,2021-01-07T23:18:51,2021-01-08T02:16:58,True,False,False,False
kw34hhw7xg-3/Cycled with Arbitrary Uses Profiles/#24/LR1865SZ_cycles210108_002_1.xlsx,1f398efa86926442ae60c868a13b71b4128e7d28b19c6d2d2dce11edff8c6aa5,24,BIT_#24,arbitrary_use,later,记录表,1,235593,235592,101,1,101,1695,3600,2107.5,2110.0,1.708185053380783,0.8033175355450237,1.0,235592.0,2021-01-08T13:48:02,2021-01-11T07:30:22,2021-01-08T13:48:02,2021-01-08T14:16:36,2021-01-11T06:30:13,2021-01-11T07:30:22,True,False,False,False
kw34hhw7xg-3/Cycled with Arbitrary Uses Profiles/#25/LR1865SZ_first20cycle210116_002_2.xlsx,d1b83c0e67e5ef449bccc7d45d68cb6446425aead98b0f7996417321ea5c8fec,25,BIT_#25,arbitrary_use,first20,记录表,1,319970,319969,21,1,21,6443,10600,15939.0,15945.0,0.6650354476441434,0.40407651301348385,1.0,319969.0,2021-01-16T08:31:20,2021-01-20T01:58:56,2021-01-16T08:31:20,2021-01-16T10:20:00,2021-01-19T23:00:43,2021-01-20T01:58:56,True,False,False,False
kw34hhw7xg-3/Cycled with Arbitrary Uses Profiles/#25/LR1865SZ_cycles210120_002_2.xlsx,55ee8bc4c31e13be1b0f64c38def4d5d999e0045edfb241eb3f4817b2f20688f,25,BIT_#25,arbitrary_use,later,记录表,1,280395,280394,101,1,101,1675,3852,2395.5,2397.0,1.6080150281778334,0.6987901543596162,1.0,280394.0,2021-01-20T08:47:59,2021-01-23T15:05:22,2021-01-20T08:47:59,2021-01-20T09:16:10,2021-01-23T14:00:52,2021-01-23T15:05:22,True,False,False,False
kw34hhw7xg-3/Cycled with Fixed Current Profiles/#26/LR1865SZ_first20cycle201210_002_2.xlsx,2b555e97a372283fc160d8d99f5d2ea4a4a1afc47e6e196329874fdb3bd3f971,26,BIT_#26,fixed_profile,first20,记录表,1,318820,318819,21,1,21,6422,10689,15891.5,15902.0,0.6726237296668031,0.40384857250660294,1.0,318819.0,2020-12-10T14:02:43,2020-12-14T07:11:43,2020-12-10T14:02:43,2020-12-10T15:50:44,2020-12-14T04:13:13,2020-12-14T07:11:43,True,False,False,False
kw34hhw7xg-3/Cycled with Fixed Current Profiles/#26/LR1865SZ_cycle201214_002_2.xlsx,a390e60507baa20d32ed5e8e7dc10a42542de3122b0237faa8be4188e8de88cf,26,BIT_#26,fixed_profile,later,记录表,1,178442,178441,101,1,101,2259,1872,1082.5,1072.0,1.7293302540415705,2.107276119402985,1.0,178441.0,2020-12-14T10:15:52,2020-12-16T12:11:49,2020-12-14T10:15:52,2020-12-14T10:54:12,2020-12-16T11:40:20,2020-12-16T12:11:49,True,False,False,False
kw34hhw7xg-3/Cycled with Arbitrary Uses Profiles/#27/LR1865SZ_first20cycle201222_002_2.xlsx,cfe8ee7185c61cb5a4342d64e338a1e08e84623486f270f8c13223f73d904d29,27,BIT_#27,arbitrary_use,first20,记录表,1,319174,319173,21,1,21,6471,10615,15888.5,15890.0,0.6680932750102275,0.40723725613593453,1.0,319173.0,2020-12-22T10:07:08,2020-12-26T03:11:04,2020-12-22T10:07:08,2020-12-22T11:55:50,2020-12-26T00:13:23,2020-12-26T03:11:04,True,False,False,False
kw34hhw7xg-3/Cycled with Arbitrary Uses Profiles/#27/LR1865SZ_cycles201226_002_2.xlsx,1046f8f0325743036fbb88fc5dac8195fbfd70c610a8f3266fccaf61e7320b06,27,BIT_#27,arbitrary_use,later,记录表,1,274724,274723,101,1,101,1713,3942,2336.5,2356.0,1.6871388829445753,0.7270797962648556,1.0,274723.0,2020-12-26T09:41:36,2020-12-29T14:16:53,2020-12-26T09:41:36,2020-12-26T10:10:15,2020-12-29T13:10:20,2020-12-29T14:16:53,True,False,False,False
kw34hhw7xg-3/Cycled with Arbitrary Uses Profiles/#28/LR1865SZ_first20cycle210104_002_2.xlsx,abf1727054204224cba84d4ec981a2fe56be6833e944263bdedfc0c5eaa7aa88,28,BIT_#28,arbitrary_use,first20,记录表,1,323032,323031,21,1,21,6538,10730,16070.5,16071.0,0.6676830216856974,0.40681973741522,1.0,323031.0,2021-01-04T11:18:31,2021-01-08T05:27:24,2021-01-04T11:18:31,2021-01-04T13:08:11,2021-01-08T02:28:02,2021-01-08T05:27:24,True,False,False,False
kw34hhw7xg-3/Cycled with Arbitrary Uses Profiles/#28/LR1865SZ_cycles210108_002_2.xlsx,edf29ac7c2db2d6485ac76427899103fd5a29054393de905860a4b74fd343d6a,28,BIT_#28,arbitrary_use,later,记录表,1,238481,238480,101,1,101,1703,3707,2136.5,2139.0,1.7350807395272643,0.7961664329125759,1.0,238480.0,2021-01-08T13:48:08,2021-01-11T08:19:43,2021-01-08T13:48:08,2021-01-08T14:16:52,2021-01-11T07:17:48,2021-01-11T08:19:43,True,False,False,False
kw34hhw7xg-3/Cycled with Fixed Current Profiles/#29/LR1865SZ_first20cycle201210_002_3.xlsx,aceaf91e9470a257a3f600eb4dc083fec41fe8fa20db34b5235699d7c45006d9,29,BIT_#29,fixed_profile,first20,记录表,1,314400,314399,21,1,21,6410,10350,15677.0,15687.0,0.660202844932066,0.40861860138968575,1.0,314399.0,2020-12-10T09:59:28,2020-12-14T01:55:54,2020-12-10T09:59:28,2020-12-10T11:47:30,2020-12-13T23:02:53,2020-12-14T01:55:54,True,False,False,False
kw34hhw7xg-3/Cycled with Fixed Current Profiles/#29/LR1865SZ_cycle201214_002_3.xlsx,b4d3ff06757e84f03ae0fb6207a07588eedadd74b245a1a48c2da9180ee3ff29,29,BIT_#29,fixed_profile,later,记录表,1,129693,129692,101,1,101,2257,1888,1124.0,1113.0,1.6797153024911031,2.02785265049416,1.0,129692.0,2020-12-14T10:15:52,2020-12-15T22:32:13,2020-12-14T10:15:52,2020-12-14T10:54:08,2020-12-15T22:00:39,2020-12-15T22:32:13,True,False,False,False
kw34hhw7xg-3/Cycled with Arbitrary Uses Profiles/#30/LR1865SZ_first20cycle201222_002_3.xlsx,26e2ad788a721004d3c041c6641d0ea5721d1f559a689b72a648141826764107,30,BIT_#30,arbitrary_use,first20,记录表,1,316904,316903,21,1,21,6488,10464,15761.0,15765.0,0.6639172641329865,0.41154456073580714,1.0,316903.0,2020-12-22T10:07:08,2020-12-26T02:32:59,2020-12-22T10:07:08,2020-12-22T11:56:06,2020-12-25T23:37:46,2020-12-26T02:32:59,True,False,False,False
kw34hhw7xg-3/Cycled with Arbitrary Uses Profiles/#30/LR1865SZ_cycles201226_002_3.xlsx,d28417368575bbf7cb6b4cadf6b8ece194ad8a4cd03aacecb588d77472c51e2e,30,BIT_#30,arbitrary_use,later,记录表,1,273981,273980,101,1,101,1715,3921,2348.0,2368.0,1.669931856899489,0.7242398648648649,1.0,273980.0,2020-12-26T09:41:44,2020-12-29T14:04:20,2020-12-26T09:41:44,2020-12-26T10:10:28,2020-12-29T12:58:08,2020-12-29T14:04:20,True,False,False,False
kw34hhw7xg-3/Cycled with Arbitrary Uses Profiles/#31/LR1865SZ_first20cycle210103_002_3.xlsx,cec77a19882f95401eaa1a4e9eacca82054c04c82d097d44611f431a953bc5d4,31,BIT_#31,arbitrary_use,first20,记录表,1,315080,315079,21,1,21,6467,10317,15673.5,15674.0,0.6582448081156091,0.41259410488707415,1.0,315079.0,2021-01-03T21:34:07,2021-01-07T13:28:34,2021-01-03T21:34:07,2021-01-03T23:22:38,2021-01-07T10:35:18,2021-01-07T13:28:34,True,False,False,False
kw34hhw7xg-3/Cycled with Arbitrary Uses Profiles/#31/LR1865SZ_cycles210107_002_3.xlsx,22fee1264745f67957d76c72ddc0256c54a7716a1fea5063c18164a94c372c78,31,BIT_#31,arbitrary_use,later,记录表,1,231973,231972,101,1,101,1692,3596,2063.5,2073.0,1.742670220499152,0.8162083936324168,1.0,231972.0,2021-01-07T14:25:35,2021-01-10T07:06:16,2021-01-07T14:25:35,2021-01-07T14:54:01,2021-01-10T06:06:13,2021-01-10T07:06:16,True,False,False,False
kw34hhw7xg-3/Cycled with Fixed Current Profiles/#32/LR1865SZ_first20cycle201210_002_4.xlsx,b2c6f939bab08e0513fbd88abdaba4042ee94f4c20f086531fb103a820ca47ea,32,BIT_#32,fixed_profile,first20,记录表,1,316188,316187,21,1,21,6435,10517,15754.0,15759.0,0.6675764885108544,0.40833809251856085,1.0,316187.0,2020-12-10T09:59:28,2020-12-14T02:25:48,2020-12-10T09:59:28,2020-12-10T11:47:57,2020-12-13T23:30:01,2020-12-14T02:25:48,True,False,False,False
kw34hhw7xg-3/Cycled with Fixed Current Profiles/#32/LR1865SZ_cycles201214_002_4.xlsx,2a6490251db71c98ddd95ce1bc2e28a6d2ca387923606d65099a0af890e651f6,32,BIT_#32,fixed_profile,later,记录表,1,202517,202516,101,1,101,2258,2105,1877.0,1860.0,1.121470431539691,1.2139784946236558,1.0,202516.0,2020-12-14T10:16:16,2020-12-16T18:55:44,2020-12-14T10:16:16,2020-12-14T10:54:32,2020-12-16T18:20:06,2020-12-16T18:55:44,True,False,False,False
kw34hhw7xg-3/Cycled with Arbitrary Uses Profiles/#33/LR1865SZ_first20cycle201229_002_4.xlsx,372460165fe61424f816bd0823ba015b6bd42ef8b4b6f368f9b90ae111e4c44c,33,BIT_#33,arbitrary_use,first20,记录表,1,316491,316490,21,1,21,6448,10468,15758.0,15761.0,0.6642974996827008,0.4091110970116109,1.0,316490.0,2020-12-29T22:38:16,2021-01-02T15:04:43,2020-12-29T22:38:16,2020-12-30T00:27:11,2021-01-02T12:09:21,2021-01-02T15:04:43,True,False,False,False
kw34hhw7xg-3/Cycled with Arbitrary Uses Profiles/#33/LR1865SZ_cycles210102_002_4.xlsx,149e7a3326ab4ffe6a35e58b1b7367724020a28e6ecbf9bff9ed89a5da646077,33,BIT_#33,arbitrary_use,later,记录表,1,231093,231092,101,1,101,1696,2046,2064.0,2070.0,0.9912790697674418,0.8193236714975846,1.0,231092.0,2021-01-02T22:23:27,2021-01-05T14:45:17,2021-01-02T22:23:27,2021-01-02T22:51:48,2021-01-05T14:10:51,2021-01-05T14:45:17,True,False,False,False
kw34hhw7xg-3/Cycled with Arbitrary Uses Profiles/#34/LR1865SZ_first20cycle210111_002_4.xlsx,67d0c92082e4d0f51c083c042151bd137cbf10649417d0982c2db15345c233a0,34,BIT_#34,arbitrary_use,first20,记录表,1,314750,314749,21,1,21,6463,10380,15687.0,15689.0,0.6616943966341556,0.41194467461278605,1.0,314749.0,2021-01-11T13:14:50,2021-01-15T05:41:21,2021-01-11T13:14:50,2021-01-11T15:03:23,2021-01-15T02:47:06,2021-01-15T05:41:21,True,False,False,False
kw34hhw7xg-3/Cycled with Arbitrary Uses Profiles/#34/LR1865SZ_cycles210115_002_4.xlsx,bd77d87f8e4aec8c3b7dea5ede7369c61a88fd92d8eaa7b7dfac3c5f1e07891c,34,BIT_#34,arbitrary_use,later,记录表,1,254317,254316,101,1,101,1672,2052,2219.0,2413.0,0.9247408742676881,0.6929133858267716,1.0,254316.0,2021-01-15T10:30:46,2021-01-18T10:29:50,2021-01-15T10:30:46,2021-01-15T10:59:04,2021-01-18T09:55:30,2021-01-18T10:29:50,True,False,False,False
kw34hhw7xg-3/Cycled with Fixed Current Profiles/#35/LR1865SZ_first20cycle201210_002_5.xlsx,19fa92d84697bbb94f252f610a1728ee702e17d28d739bbd6615f2adf808ddf8,35,BIT_#35,fixed_profile,first20,记录表,1,314676,314675,21,1,21,6417,10376,15687.5,15691.0,0.6614183266932271,0.40896055063412146,1.0,314675.0,2020-12-10T09:59:28,2020-12-14T02:00:23,2020-12-10T09:59:28,2020-12-10T11:47:40,2020-12-13T23:06:58,2020-12-14T02:00:23,True,False,False,False
kw34hhw7xg-3/Cycled with Fixed Current Profiles/#35/LR1865SZ_cycles201214_002_5.xlsx,b3f8cc5aa67996a71c4870474dd78dc064f32bb66bf5601a8d9ddee1709e44a3,35,BIT_#35,fixed_profile,later,记录表,1,197779,197778,101,1,101,2255,2099,1811.5,1804.0,1.158708252829147,1.25,1.0,197778.0,2020-12-14T10:16:16,2020-12-16T17:35:01,2020-12-14T10:16:16,2020-12-14T10:54:29,2020-12-16T16:59:28,2020-12-16T17:35:01,True,False,False,False
kw34hhw7xg-3/Cycled with Arbitrary Uses Profiles/#36/LR1865SZ_first20cycle201229_002_5.xlsx,06499def4906b6245244e98fb364ab9b84dbaf98d66e967af5baaa800b46e9d1,36,BIT_#36,arbitrary_use,first20,记录表,1,316557,316556,21,1,21,6418,10422,15769.0,15782.0,0.6609169890291078,0.40666582182232924,1.0,316556.0,2020-12-29T19:17:25,2021-01-02T11:47:46,2020-12-29T19:17:25,2020-12-29T21:06:08,2021-01-02T08:53:29,2021-01-02T11:47:46,True,False,False,False
kw34hhw7xg-3/Cycled with Arbitrary Uses Profiles/#36/LR1865SZ_cycles210102_002_5.xlsx,f6124ae42ce60d6d57b1dbf89d80252d97fea22cd6833183e1380cc79cf321b4,36,BIT_#36,arbitrary_use,later,记录表,1,224258,224257,101,1,101,1684,2020,2006.0,2010.0,1.0069790628115654,0.8378109452736319,1.0,224257.0,2021-01-02T14:57:31,2021-01-05T05:24:35,2021-01-02T14:57:31,2021-01-02T15:25:42,2021-01-05T04:50:47,2021-01-05T05:24:35,True,False,False,False
kw34hhw7xg-3/Cycled with Arbitrary Uses Profiles/#37/LR1865SZ_first20cycle210111_002_5.xlsx,c99679d8e60f219b31ab14bbb244ad6f5d0b096da506956ce8a9ac87b219411b,37,BIT_#37,arbitrary_use,first20,记录表,1,310622,310621,21,1,21,6459,10207,15459.0,15461.0,0.6602626301830649,0.4177608175409094,1.0,310621.0,2021-01-11T13:14:57,2021-01-15T04:33:24,2021-01-11T13:14:57,2021-01-11T15:03:25,2021-01-15T01:41:56,2021-01-15T04:33:24,True,False,False,False
kw34hhw7xg-3/Cycled with Arbitrary Uses Profiles/#37/LR1865SZ_cycles210115_002_5.xlsx,5c2da946b40b66670bf386332c2ba361ce1f2d2c59364ed3bd7c46d22c3f455a,37,BIT_#37,arbitrary_use,later,记录表,1,259437,259436,101,1,101,1677,2077,2307.0,2483.0,0.9003034243606415,0.675392670157068,1.0,259436.0,2021-01-15T10:30:52,2021-01-18T11:54:34,2021-01-15T10:30:52,2021-01-15T10:59:13,2021-01-18T11:19:48,2021-01-18T11:54:34,True,False,False,False
kw34hhw7xg-3/Cycled with Fixed Current Profiles/#38/LR1865SZ_first20cycle201210_002_6.xlsx,bb1195acab6077839a2fa190e1a0d480954c23a5e38f831ca7b10a921f28a9c1,38,BIT_#38,fixed_profile,first20,记录表,1,327079,327078,21,1,21,6445,10960,16311.5,16322.0,0.6719185850473592,0.3948658252665115,1.0,327078.0,2020-12-10T09:59:28,2020-12-14T05:27:57,2020-12-10T09:59:28,2020-12-10T11:48:10,2020-12-14T02:24:41,2020-12-14T05:27:57,True,False,False,False
kw34hhw7xg-3/Cycled with Fixed Current Profiles/#38/LR1865SZ_cycles201214_002_6.xlsx,613c02bd384b7f70d605a5ea0365ab6a61095b9b8d53336da3c9e525128bb2eb,38,BIT_#38,fixed_profile,later,记录表,1,206075,206074,101,1,101,2278,2108,1909.5,1896.0,1.1039539146373396,1.2014767932489452,1.0,206074.0,2020-12-14T10:16:16,2020-12-16T19:56:13,2020-12-14T10:16:16,2020-12-14T10:54:51,2020-12-16T19:20:27,2020-12-16T19:56:13,True,False,False,False
kw34hhw7xg-3/Cycled with Arbitrary Uses Profiles/#39/LR1865SZ_first20cycle201230_002_6.xlsx,57b97128aa2cb014ce4da8f506f5d3ed6ba0ca048d680fdfc41cc6907311c3e3,39,BIT_#39,arbitrary_use,first20,记录表,1,325079,325078,21,1,21,6473,10859,16172.5,16173.0,0.6714484464368526,0.4002349595004019,1.0,325078.0,2020-12-30T09:23:46,2021-01-03T04:11:29,2020-12-30T09:23:46,2020-12-30T11:12:34,2021-01-03T01:10:06,2021-01-03T04:11:29,True,False,False,False
kw34hhw7xg-3/Cycled with Arbitrary Uses Profiles/#39/LR1865SZ_cycles210103_002_6.xlsx,84070ecae572171d0ade5bd130fec7587b8ed811b8595d192409dc3cdeaaf71f,39,BIT_#39,arbitrary_use,later,记录表,1,216720,216719,101,1,101,1682,2001,1948.5,1955.0,1.0269438029253273,0.8603580562659846,1.0,216719.0,2021-01-03T09:33:32,2021-01-05T21:56:43,2021-01-03T09:33:32,2021-01-03T10:01:42,2021-01-05T21:23:16,2021-01-05T21:56:43,True,False,False,False
kw34hhw7xg-3/Cycled with Arbitrary Uses Profiles/#40/LR1865SZ_first20cycle210111_002_6.xlsx,97b3412b37ce55a7a11cc1a961f092dc5f99a89bb6e36e47545a94656136992b,40,BIT_#40,arbitrary_use,first20,记录表,1,320434,320433,21,1,21,6493,10570,15978.0,15979.0,0.6615346100888722,0.4063458289004318,1.0,320433.0,2021-01-11T09:37:09,2021-01-15T03:41:03,2021-01-11T09:37:09,2021-01-11T11:26:00,2021-01-15T00:43:20,2021-01-15T03:41:03,True,False,False,False
kw34hhw7xg-3/Cycled with Arbitrary Uses Profiles/#40/LR1865SZ_cycles210115_002_6.xlsx,8d100ad0c6136741bca89eab389a8f665f5ff4d9562421e4586098f7c87a0f92,40,BIT_#40,arbitrary_use,later,记录表,1,266643,266642,101,1,101,1686,2109,2365.0,2503.0,0.8917547568710359,0.6735916899720336,1.0,266642.0,2021-01-15T10:30:56,2021-01-18T13:55:59,2021-01-15T10:30:56,2021-01-15T10:59:28,2021-01-18T13:20:37,2021-01-18T13:55:59,True,False,False,False
kw34hhw7xg-3/Cycled with Fixed Current Profiles/#41/LR1865SZ_first20cycle201217_002_8.xlsx,3c263d1506f2c35cf28dae5d4b79ab0253cfd027d022ddcee157c14a30c171c7,41,BIT_#41,fixed_profile,first20,记录表,1,316464,316463,21,1,21,6354,10441,15764.5,15771.0,0.6623108883884677,0.4028913829180141,1.0,316463.0,2020-12-17T00:25:39,2020-12-20T20:11:03,2020-12-17T00:25:39,2020-12-17T02:14:06,2020-12-20T17:15:56,2020-12-20T20:11:03,True,False,False,False
kw34hhw7xg-3/Cycled with Fixed Current Profiles/#41/LR1865SZ_cycles201221_002_8.xlsx,fad8a8734fd40f464a22abd9b9096ab0d2694a58002b6725fc588a2309b17069,41,BIT_#41,fixed_profile,later,记录表,1,205146,205145,101,1,101,1712,2340,1981.5,1984.0,1.1809235427706284,0.8629032258064516,1.0,205145.0,2020-12-21T10:04:45,2020-12-23T19:16:37,2020-12-21T10:04:45,2020-12-21T10:33:25,2020-12-23T18:37:27,2020-12-23T19:16:37,True,False,False,False
kw34hhw7xg-3/Cycled with Arbitrary Uses Profiles/#42/LR1865SZ_first20cycle201229_002_8.xlsx,9e0c5af7ca3ec54758754dac54a1f58d8c8363527f50fe53077b7cb21e30014c,42,BIT_#42,arbitrary_use,first20,记录表,1,316443,316442,21,1,21,6417,10448,15769.0,15776.0,0.6625657936457606,0.40675709939148075,1.0,316442.0,2020-12-29T22:38:19,2021-01-02T15:04:22,2020-12-29T22:38:19,2020-12-30T00:26:51,2021-01-02T12:09:21,2021-01-02T15:04:22,True,False,False,False
kw34hhw7xg-3/Cycled with Arbitrary Uses Profiles/#42/LR1865SZ_cycles210102_002_8.xlsx,e373f7aa5a3366a34674f8fb6c4b354cd00a2848519a14fe7907b39b15db1188,42,BIT_#42,arbitrary_use,later,记录表,1,301466,301465,101,1,101,1725,2570,3049.5,3652.0,0.8427611083784227,0.47234392113910184,1.0,301465.0,2021-01-02T22:23:39,2021-01-06T10:23:17,2021-01-02T22:23:39,2021-01-02T22:52:28,2021-01-06T09:40:15,2021-01-06T10:23:17,True,False,False,False
kw34hhw7xg-3/Cycled with Arbitrary Uses Profiles/#43/LR1865SZ_first20cycle210111_002_8.xlsx,b3609d1effe667509d71467abd090dc40ce1603f6d9468152b4c34975a083955,43,BIT_#43,arbitrary_use,first20,记录表,1,315524,315523,21,1,21,6503,10339,15741.5,15743.0,0.6567989073468221,0.4130724766562917,1.0,315523.0,2021-01-11T23:27:37,2021-01-15T16:06:46,2021-01-11T23:27:37,2021-01-12T01:16:43,2021-01-15T13:12:39,2021-01-15T16:06:46,True,False,False,False
kw34hhw7xg-3/Cycled with Arbitrary Uses Profiles/#43/LR1865SZ_cycles210115_002_8.xlsx,fd151322f347b213000fca5815013033e46545e8d5bf0b51d0de8939461fadf6,43,BIT_#43,arbitrary_use,later,记录表,1,209706,209705,101,1,101,1715,3529,1838.0,1856.0,1.9200217627856366,0.9240301724137931,1.0,209705.0,2021-01-15T18:51:06,2021-01-18T06:19:22,2021-01-15T18:51:06,2021-01-15T19:20:02,2021-01-18T05:20:26,2021-01-18T06:19:22,True,False,False,False
kw34hhw7xg-3/Cycled with Fixed Current Profiles/#44/LR1865SZ_first20cycle200927_003_5.xlsx,66f30cf0660261f183370078b614aabcc437bae7a7d4f61cce566d6fab038092,44,BIT_#44,fixed_profile,first20,记录表,1,316579,316578,21,1,21,7025,10518,15738.5,15744.0,0.6682974870540395,0.44620172764227645,1.0,316578.0,2020-09-27T09:53:49,2020-10-03T07:31:34,2020-09-27T09:53:49,2020-09-27T11:51:34,2020-10-03T04:35:29,2020-10-03T07:31:34,True,False,False,False
kw34hhw7xg-3/Cycled with Fixed Current Profiles/#44/LR1865SZ_cycles201003_003_5.xlsx,fd06820df1eff19c6310d1c3e46f14ed263cf05f45c7e58ba37975cbe5804382,44,BIT_#44,fixed_profile,later,记录表,1,477092,477091,101,1,101,2289,4578,4754.0,4755.0,0.9629785443836769,0.48138801261829656,1.0,477091.0,2020-10-03T09:59:56,2020-10-09T20:31:29,2020-10-03T09:59:56,2020-10-03T10:38:18,2020-10-09T19:15:05,2020-10-09T20:31:29,True,False,False,False
kw34hhw7xg-3/Cycled with Fixed Current Profiles/#45/LR1865SZ_first20cycle201217_003_5.xlsx,52c249c45c9e05414168f5819d4fd32879b22f4931c746d79eca21b57824a717,45,BIT_#45,fixed_profile,first20,记录表,1,312565,312564,21,1,21,6377,10209,15561.0,15561.0,0.6560632350106035,0.4098065677013045,1.0,312564.0,2020-12-17T00:25:34,2020-12-20T19:39:52,2020-12-17T00:25:34,2020-12-17T02:14:31,2020-12-20T16:48:19,2020-12-20T19:39:52,True,False,False,False
kw34hhw7xg-3/Cycled with Fixed Current Profiles/#45/LR1865SZ_cycles201221_003_5.xlsx,26af67c37601703b50b8df0d92acbbe3efb7c6b01ed2302e845f20827b7ff993,45,BIT_#45,fixed_profile,later,记录表,1,243779,243778,101,1,101,4003,1954,2082.5,2061.0,0.9382953181272509,1.9422610383309074,1.0,243778.0,2020-12-21T10:04:15,2020-12-24T06:03:34,2020-12-21T10:04:15,2020-12-21T11:11:23,2020-12-24T05:30:41,2020-12-24T06:03:34,True,False,False,False
kw34hhw7xg-3/Cycled with Arbitrary Uses Profiles/#46/LR1865SZ_first20cycle201229_003_5.xlsx,6eb03c1009bdaf3211215dc1f6106bb7472dc4dac763ceebf65ecd2e2159f0d8,46,BIT_#46,arbitrary_use,first20,记录表,1,317331,317330,21,1,21,6503,10381,15815.0,15827.0,0.65640214985773,0.41088014153029634,1.0,317330.0,2020-12-29T19:33:47,2021-01-02T12:16:48,2020-12-29T19:33:47,2020-12-29T21:23:52,2021-01-02T09:23:10,2021-01-02T12:16:48,True,False,False,False
kw34hhw7xg-3/Cycled with Arbitrary Uses Profiles/#46/LR1865SZ_cycles210102_003_5.xlsx,28de7b68767a518a21a203e0c42e3c8ae29b9649b8ab9becb814a18c1a3b305c,46,BIT_#46,arbitrary_use,later,记录表,1,247263,247262,101,1,101,1691,3572,2347.0,2354.0,1.5219429058372391,0.7183517417162277,1.0,247262.0,2021-01-02T14:56:51,2021-01-05T11:48:04,2021-01-02T14:56:51,2021-01-02T15:25:11,2021-01-05T10:48:09,2021-01-05T11:48:04,True,False,False,False
kw34hhw7xg-3/Cycled with Arbitrary Uses Profiles/#47/LR1865SZ_first20cycle210111_003_5.xlsx,5c17e6a9f301f6ac61464274db7c97f15d6da5d2bd19c927c3708d87ece982a9,47,BIT_#47,arbitrary_use,first20,记录表,1,314440,314439,21,1,21,6521,10341,15665.5,15680.0,0.66011298713734,0.4158801020408163,1.0,314439.0,2021-01-11T09:37:03,2021-01-15T01:59:38,2021-01-11T09:37:03,2021-01-11T11:26:21,2021-01-14T23:05:53,2021-01-15T01:59:38,True,False,False,False
kw34hhw7xg-3/Cycled with Arbitrary Uses Profiles/#47/LR1865SZ_cycles210115_003_5.xlsx,9c5dca0c75e417e6aec123e48a293ec18be5dd3ed6929bbbc908465699824c89,47,BIT_#47,arbitrary_use,later,记录表,1,195421,195420,101,1,101,1653,3319,1713.5,1716.0,1.9369711117595565,0.9632867132867133,1.0,195420.0,2021-01-15T10:31:11,2021-01-17T18:01:37,2021-01-15T10:31:11,2021-01-15T10:59:08,2021-01-17T17:05:17,2021-01-17T18:01:37,True,False,False,False
kw34hhw7xg-3/Cycled with Fixed Current Profiles/#48/LR1865SZ_first20cycle200927_003_6.xlsx,ca0bf1b3a0a908c622c49c3318e6565e08aff28355a75c3004b4ef32ab8fe807,48,BIT_#48,fixed_profile,first20,记录表,1,314466,314465,21,1,21,7042,10379,15629.5,15630.0,0.6640647493521866,0.45054382597568776,1.0,314465.0,2020-09-27T09:53:49,2020-10-03T06:56:10,2020-09-27T09:53:49,2020-09-27T11:51:51,2020-10-03T04:02:19,2020-10-03T06:56:10,True,False,False,False
kw34hhw7xg-3/Cycled with Fixed Current Profiles/#48/LR1865SZ_cycles201003_003_6.xlsx,369f8efa60bebc62531e08039cb300ce12e1a225391bc00f6ad47ae67bb69dc4,48,BIT_#48,fixed_profile,later,记录表,1,487168,487167,101,1,101,2304,4647,4852.5,4857.0,0.9576506955177744,0.474366893143916,1.0,487167.0,2020-10-03T09:59:56,2020-10-10T01:02:44,2020-10-03T09:59:56,2020-10-03T10:38:32,2020-10-09T23:44:52,2020-10-10T01:02:44,True,False,False,False
kw34hhw7xg-3/Cycled with Fixed Current Profiles/#49/LR1865SZ_first20cycle201217_003_6.xlsx,f03479409d4f5a2067240063ba2cb0664647e11c3a947231ecaace20f8ffa6a7,49,BIT_#49,fixed_profile,first20,记录表,1,313960,313959,21,1,21,6439,10306,15628.0,15630.0,0.659457384182237,0.41196417146513115,1.0,313959.0,2020-12-17T00:25:39,2020-12-20T19:33:06,2020-12-17T00:25:39,2020-12-17T02:15:32,2020-12-20T16:39:45,2020-12-20T19:33:06,True,False,False,False
kw34hhw7xg-3/Cycled with Fixed Current Profiles/#49/LR1865SZ_cycles201221_003_6.xlsx,6f04d92d22b4025ceeffd5eefcca15cd58987fed89a221ba842430a4627cb57f,49,BIT_#49,fixed_profile,later,记录表,1,242786,242785,101,1,101,4038,1952,2041.5,2025.0,0.9561596865050208,1.994074074074074,1.0,242785.0,2020-12-21T10:04:21,2020-12-24T05:49:18,2020-12-21T10:04:21,2020-12-21T11:11:59,2020-12-24T05:16:33,2020-12-24T05:49:18,True,False,False,False
kw34hhw7xg-3/Cycled with Arbitrary Uses Profiles/#50/LR1865SZ_first20cycle201229_003_6.xlsx,69e0ae195565e1216ba95836ec8fbbc9a727c27d8b90bb24e64cb1a4e845a72e,50,BIT_#50,arbitrary_use,first20,记录表,1,312901,312900,21,1,21,6476,10324,15605.0,15605.0,0.6615828260173021,0.4149951938481256,1.0,312900.0,2020-12-29T19:20:29,2021-01-02T10:50:42,2020-12-29T19:20:29,2020-12-29T21:10:04,2021-01-02T07:58:20,2021-01-02T10:50:42,True,False,False,False
kw34hhw7xg-3/Cycled with Arbitrary Uses Profiles/#50/LR1865SZ_cycles210102_003_6.xlsx,aa4ab46fddb2ed312ee3eb6ddccf3e945c1956990d996ac8f7634e63c284f86d,50,BIT_#50,arbitrary_use,later,记录表,1,249470,249469,101,1,101,1702,3552,2400.0,2407.0,1.48,0.7071042791857084,1.0,249469.0,2021-01-02T14:56:57,2021-01-05T12:25:30,2021-01-02T14:56:57,2021-01-02T15:25:25,2021-01-05T11:26:05,2021-01-05T12:25:30,True,False,False,False
kw34hhw7xg-3/Cycled with Arbitrary Uses Profiles/#51/LR1865SZ_first20cycle210111_003_6.xlsx,a02544b2b83dc4c225eb243bdcd0e7e2c36063b247287c0e578a257dd93529ec,51,BIT_#51,arbitrary_use,first20,记录表,1,290462,290461,21,1,21,6527,10357,15587.5,15589.0,0.6644426623897354,0.4186926679068574,1.0,312683.0,2021-01-11T09:37:09,2021-01-15T01:31:51,2021-01-11T09:37:09,2021-01-11T11:26:37,2021-01-14T22:37:42,2021-01-15T01:31:51,True,False,False,False
kw34hhw7xg-3/Cycled with Arbitrary Uses Profiles/#51/LR1865SZ_cycles210115_003_6.xlsx,0c2fc25a7193feee175c1ddbb1df696e64a8f5d8b04a08e906ba003720602047,51,BIT_#51,arbitrary_use,later,记录表,1,198696,198695,101,1,101,1678,3357,1739.0,1745.0,1.9304197814836113,0.9616045845272206,1.0,198695.0,2021-01-15T10:31:15,2021-01-17T18:56:28,2021-01-15T10:31:15,2021-01-15T10:59:39,2021-01-17T18:00:18,2021-01-17T18:56:28,True,False,False,False
kw34hhw7xg-3/Cycled with Fixed Current Profiles/#52/LR1865SZ_first20cycle200927_003_7.xlsx,e06433e862da257528ecb2b90f7414893d0b019206eb13c2587ddab1b54bf5b4,52,BIT_#52,fixed_profile,first20,记录表,1,322453,322452,21,1,21,7076,10700,16047.5,16049.0,0.6667705250038947,0.44089974453236963,1.0,322452.0,2020-09-27T11:33:18,2020-10-03T10:49:15,2020-09-27T11:33:18,2020-09-27T13:32:03,2020-10-03T07:50:04,2020-10-03T10:49:15,True,False,False,False
kw34hhw7xg-3/Cycled with Fixed Current Profiles/#52/LR1865SZ_cycles201003_003_7.xlsx,16d3d6c29c3e43d39dae4a3501d6667832049e7659bf29914089700e2b3caedc,52,BIT_#52,fixed_profile,later,记录表,1,643260,643259,101,1,101,4092,4678,6402.5,6403.0,0.7306520890277235,0.6390754333905981,1.0,643259.0,2020-10-03T15:47:25,2020-10-12T00:35:50,2020-10-03T15:47:25,2020-10-03T16:55:49,2020-10-11T23:17:37,2020-10-12T00:35:50,True,False,False,False
kw34hhw7xg-3/Cycled with Fixed Current Profiles/#53/LR1865SZ_first20cycle201217_003_7.xlsx,1d85909252db41313aa76da7b9bda667addcdfdbe42b1e3418c705d950d47753,53,BIT_#53,fixed_profile,first20,记录表,1,320440,320439,21,1,21,6531,10616,15944.0,15945.0,0.6658304064224787,0.40959548447789274,1.0,320439.0,2020-12-17T09:44:24,2020-12-21T06:32:59,2020-12-17T09:44:24,2020-12-17T11:33:48,2020-12-21T03:35:40,2020-12-21T06:32:59,True,False,False,False
kw34hhw7xg-3/Cycled with Fixed Current Profiles/#53/LR1865SZ_cycles201221_003_7.xlsx,cb2f033a2f11f3162d4d9569839ca4a31332c826a470e2bc76f37fc522555774,53,BIT_#53,fixed_profile,later,记录表,1,228419,228418,101,1,101,4083,1934,1813.0,1793.0,1.0667402095973524,2.2771890686001117,1.0,228418.0,2020-12-21T10:04:21,2020-12-24T01:47:43,2020-12-21T10:04:21,2020-12-21T11:12:44,2020-12-24T01:15:20,2020-12-24T01:47:43,True,False,False,False
kw34hhw7xg-3/Cycled with Arbitrary Uses Profiles/#54/LR1865SZ_first20cycle201230_003_7.xlsx,58c8afdf8f1789dc0f2cfbde3a1ddb1fe8e9185cdb4455d2c660c605f0aa4098,54,BIT_#54,arbitrary_use,first20,记录表,1,321135,321134,21,1,21,6532,10584,15965.0,15966.0,0.6629502035703101,0.40911937867969433,1.0,321134.0,2020-12-30T13:16:48,2021-01-03T06:57:52,2020-12-30T13:16:48,2020-12-30T15:07:21,2021-01-03T04:00:59,2021-01-03T06:57:52,True,False,False,False
kw34hhw7xg-3/Cycled with Arbitrary Uses Profiles/#54/LR1865SZ_cycles210103_003_7.xlsx,ecdcf26e731564aa93c1cb591eeab5391661db8026f6bdaf1630ef4a77884d72,54,BIT_#54,arbitrary_use,later,记录表,1,253925,253924,101,1,101,1707,3596,2418.5,2426.0,1.4868720281166012,0.7036273701566365,1.0,253924.0,2021-01-03T09:34:00,2021-01-06T08:18:49,2021-01-03T09:34:00,2021-01-03T10:02:37,2021-01-06T07:18:40,2021-01-06T08:18:49,True,False,False,False
kw34hhw7xg-3/Cycled with Arbitrary Uses Profiles/#55/LR1865SZ_first20cycle210111_003_7.xlsx,d22864e3a6a45de59af025707b960742b3cfb4611284d6a48fa14de954a6b9df,55,BIT_#55,arbitrary_use,first20,记录表,1,314760,314759,21,1,21,6509,10399,15699.0,15718.0,0.6623988789094847,0.41411121007761803,1.0,314759.0,2021-01-11T23:27:34,2021-01-15T15:55:46,2021-01-11T23:27:34,2021-01-12T01:16:47,2021-01-15T13:00:39,2021-01-15T15:55:46,True,False,False,False
kw34hhw7xg-3/Cycled with Arbitrary Uses Profiles/#55/LR1865SZ_cycles210115_003_7.xlsx,c0fc2261b8d5c275fc1e9c7bec39bbbb7bba1563bbd8ae5475c2b8980c93d473,55,BIT_#55,arbitrary_use,later,记录表,1,237913,237912,101,1,101,1682,2376,2058.5,2064.0,1.1542385231965022,0.814922480620155,1.0,237912.0,2021-01-15T18:51:59,2021-01-18T14:12:11,2021-01-15T18:51:59,2021-01-15T19:20:23,2021-01-18T13:32:16,2021-01-18T14:12:11,True,False,False,False
kw34hhw7xg-3/Cycled with Arbitrary Uses Profiles/#56/LR1865SZ_first20cycle210111_003_8.xlsx,7e3d125568319f6bc34d1aae64e9bf59f1c84dab71c5bf162a3a397f0b266e7c,56,BIT_#56,arbitrary_use,first20,记录表,1,312423,312422,21,1,21,6436,10161,15607.5,15610.0,0.6510331571359923,0.4122998078155029,1.0,312422.0,2021-01-11T20:47:24,2021-01-15T12:39:59,2021-01-11T20:47:24,2021-01-11T22:36:31,2021-01-15T09:48:44,2021-01-15T12:39:59,True,False,False,False
kw34hhw7xg-3/Cycled with Arbitrary Uses Profiles/#56/LR1865SZ_cycles210115_003_8.xlsx,052de7a0c05458ad7b9f8b6a1f536f513b9d9bc166e821c456a738ab38c6045d,56,BIT_#56,arbitrary_use,later,记录表,1,232927,232926,101,1,101,1694,2339,1993.5,1995.0,1.1733132681213945,0.8491228070175438,1.0,232926.0,2021-01-15T13:30:41,2021-01-18T07:29:27,2021-01-15T13:30:41,2021-01-15T13:59:16,2021-01-18T06:50:23,2021-01-18T07:29:27,True,False,False,False
kw34hhw7xg-3/Cycled with Fixed Current Profiles/#57/LR1865SZ_first20cycle200927_003_8.xlsx,8a6a12a1faeed9c0f36551591b66369cb81ff9e7a935bd5e7902864a32d5d438,57,BIT_#57,fixed_profile,first20,记录表,1,319489,319488,21,1,21,7068,10520,15879.5,15880.0,0.6624893730910922,0.445088161209068,1.0,319488.0,2020-09-27T09:53:49,2020-10-03T08:20:31,2020-09-27T09:53:49,2020-09-27T11:52:16,2020-10-03T05:24:14,2020-10-03T08:20:31,True,False,False,False
kw34hhw7xg-3/Cycled with Fixed Current Profiles/#57/LR1865SZ_cycles201003_003_8.xlsx,026e87ff255e8b330b7fe44f08ccd4fe2f792dcacfcd2d54df898bfffceb5d82,57,BIT_#57,fixed_profile,later,记录表,1,640147,640146,101,1,101,4083,4644,6373.0,6374.0,0.7286991997489408,0.6405710699717603,1.0,640146.0,2020-10-03T10:00:18,2020-10-11T17:56:06,2020-10-03T10:00:18,2020-10-03T11:08:39,2020-10-11T16:38:28,2020-10-11T17:56:06,True,False,False,False
kw34hhw7xg-3/Cycled with Fixed Current Profiles/#58/LR1865SZ_first20cycle201217_003_8.xlsx,b795407c3d6a54b6ec3f48805564d24135af277d2012edced3036a68c454ba97,58,BIT_#58,fixed_profile,first20,记录表,1,315303,315302,21,1,21,6420,10402,15716.5,15718.0,0.6618521935545446,0.40844891207532763,1.0,315302.0,2020-12-17T00:25:39,2020-12-20T19:56:00,2020-12-17T00:25:39,2020-12-17T02:15:13,2020-12-20T17:01:30,2020-12-20T19:56:00,True,False,False,False
kw34hhw7xg-3/Cycled with Fixed Current Profiles/#58/LR1865SZ_cycles201221_003_8.xlsx,64c9deb092c3d753d7eda0ac4e07ef2db6c7af22356d92da539b5917dfee525e,58,BIT_#58,fixed_profile,later,记录表,1,186775,186774,101,1,101,1694,2171,1742.5,1748.0,1.2459110473457675,0.9691075514874142,1.0,186774.0,2020-12-21T10:04:51,2020-12-23T14:07:53,2020-12-21T10:04:51,2020-12-21T10:33:17,2020-12-23T13:31:22,2020-12-23T14:07:53,True,False,False,False
kw34hhw7xg-3/Cycled with Arbitrary Uses Profiles/#59/LR1865SZ_first20cycle201229_003_8.xlsx,5edc27bf55d6a42e180c6c32a9e495acc3aa7f7ad5e3be42c464ce3b8baee348,59,BIT_#59,arbitrary_use,first20,记录表,1,311594,311593,21,1,21,6433,10252,15497.5,15502.0,0.6615260525891273,0.4149787124242033,1.0,311593.0,2020-12-29T19:17:28,2021-01-02T10:26:20,2020-12-29T19:17:28,2020-12-29T21:06:25,2021-01-02T07:35:09,2021-01-02T10:26:20,True,False,False,False
kw34hhw7xg-3/Cycled with Arbitrary Uses Profiles/#59/LR1865SZ_cycles210102_003_8.xlsx,9a9fc798d829d28698e95eb1169f187f80c680f6f52fe2c41f5c7660c3efc6ae,59,BIT_#59,arbitrary_use,later,记录表,1,289848,289847,101,1,101,1692,2542,2856.0,3317.0,0.8900560224089635,0.5100994874886946,1.0,289847.0,2021-01-02T14:57:09,2021-01-05T23:41:50,2021-01-02T14:57:09,2021-01-02T15:25:26,2021-01-05T22:59:23,2021-01-05T23:41:50,True,False,False,False
kw34hhw7xg-3/Cycled with Arbitrary Uses Profiles/#60/LR1865SZ_first20cycle210118_001_5.xlsx,8b160e4890e19f2f945315cc48a13ea437db5fd13babe1a7861aac42bfe14b7a,60,BIT_#60,arbitrary_use,first20,记录表,1,317732,317731,21,1,21,6471,10383,15836.5,15838.0,0.6556372935939128,0.4085743149387549,1.0,317731.0,2021-01-18T09:18:01,2021-01-22T02:09:58,2021-01-18T09:18:01,2021-01-18T11:06:37,2021-01-21T23:13:13,2021-01-22T02:09:58,True,False,False,False
kw34hhw7xg-3/Cycled with Arbitrary Uses Profiles/#60/LR1865SZ_cycles210122_001_5.xlsx,28332aec16fc25e1bb394d9b08cefc4819f409276776a829900107f0bcc8e21f,60,BIT_#60,arbitrary_use,later,记录表,1,196603,196602,101,1,101,1724,1996,1811.0,1818.0,1.102153506350083,0.9482948294829483,1.0,196602.0,2021-01-22T08:39:13,2021-01-24T15:29:33,2021-01-22T08:39:13,2021-01-22T09:08:04,2021-01-24T14:56:06,2021-01-24T15:29:33,True,False,False,False
kw34hhw7xg-3/Cycled with Arbitrary Uses Profiles/#61/LR1865SZ_first20cycle210118_001_6.xlsx,5d29445960e6c5ec42d4255262c0f02e581e81b8dc3fdb44fe8313fc9556da8b,61,BIT_#61,arbitrary_use,first20,记录表,1,316857,316856,21,1,21,6529,10414,15872.5,15884.0,0.6561033233580091,0.41104255854948374,1.0,316856.0,2021-01-18T09:18:05,2021-01-22T01:58:59,2021-01-18T09:18:05,2021-01-18T11:07:35,2021-01-21T23:01:35,2021-01-22T01:58:59,True,False,False,False
kw34hhw7xg-3/Cycled with Arbitrary Uses Profiles/#61/LR1865SZ_cycles210122_001_6.xlsx,1b66b55086fa9e140118ca5e352e9e66511f646904ee68701ddf86f4131cb683,61,BIT_#61,arbitrary_use,later,记录表,1,197001,197000,101,1,101,1742,1975,1814.5,1821.0,1.0884541195921742,0.956617243272927,1.0,197000.0,2021-01-22T08:39:21,2021-01-24T15:42:06,2021-01-22T08:39:21,2021-01-22T09:08:28,2021-01-24T15:08:54,2021-01-24T15:42:06,True,False,False,False
kw34hhw7xg-3/Cycled with Arbitrary Uses Profiles/#62/LR1865SZ_first20cycle210121_001_7.xlsx,73cfd64c01ea6f5a230ab83425ff18f3377972a7b97071e9358a84ce5cc43fe9,62,BIT_#62,arbitrary_use,first20,记录表,1,306168,306167,21,1,21,6913,9982,15236.0,15239.0,0.6551588343397217,0.4536386902027692,1.0,306167.0,2021-01-21T22:18:08,2021-01-25T11:59:50,2021-01-21T22:18:08,2021-01-22T00:14:23,2021-01-25T09:12:27,2021-01-25T11:59:50,True,False,False,False
kw34hhw7xg-3/Cycled with Arbitrary Uses Profiles/#62/LR1865SZ_cycles210125_001_7.xlsx,cabd5a7a3b849147d0935d6d32731ae071a075612e5b134e5e71f76bd56158fe,62,BIT_#62,arbitrary_use,later,记录表,1,259435,259434,101,1,101,1689,2453,2133.5,2221.0,1.1497539254745723,0.7604682575416479,1.0,259434.0,2021-01-25T13:35:27,2021-01-28T22:22:25,2021-01-25T13:35:27,2021-01-25T14:03:41,2021-01-28T21:41:23,2021-01-28T22:22:25,True,False,False,False
kw34hhw7xg-3/Cycled with Arbitrary Uses Profiles/#63/LR1865SZ_first20cycle210120_002_4.xlsx,df6a84953e654573ac4f2fc0756e8a0c55684a83bbcc72c554543aaa41faa8dd,63,BIT_#63,arbitrary_use,first20,记录表,1,319706,319705,21,1,21,7041,10524,15905.5,15907.0,0.6616579170727107,0.4426353177846231,1.0,319705.0,2021-01-20T19:02:19,2021-01-24T12:19:06,2021-01-20T19:02:19,2021-01-20T21:00:17,2021-01-24T09:22:45,2021-01-24T12:19:06,True,False,False,False
kw34hhw7xg-3/Cycled with Arbitrary Uses Profiles/#63/LR1865SZ_cycles210124_002_4.xlsx,7b74bf9007a26eb60f5827ebd696fe4b4ee18618e939b8c186e316b7828f5377,63,BIT_#63,arbitrary_use,later,记录表,1,229901,229900,101,1,101,1636,1957,2231.0,2264.0,0.8771851187808157,0.7226148409893993,1.0,229900.0,2021-01-24T16:46:14,2021-01-27T17:19:54,2021-01-24T16:46:14,2021-01-24T17:14:09,2021-01-27T16:46:51,2021-01-27T17:19:54,True,False,False,False
kw34hhw7xg-3/Cycled with Arbitrary Uses Profiles/#64/LR1865SZ_first20cycle210120_002_5.xlsx,501f6298dc6a3ddffe6229c5f3bf7b0a89b390d35de024d3ea54661fc6775ac5,64,BIT_#64,arbitrary_use,first20,记录表,1,317793,317792,21,1,21,7066,10400,15802.5,15807.0,0.6581237146021199,0.4470171443031568,1.0,317792.0,2021-01-20T19:02:19,2021-01-24T11:46:51,2021-01-20T19:02:19,2021-01-20T21:00:41,2021-01-24T08:52:35,2021-01-24T11:46:51,True,False,False,False
kw34hhw7xg-3/Cycled with Arbitrary Uses Profiles/#64/LR1865SZ_cycles210124_002_5.xlsx,e025251558f4aa575cb004fdf063f14f256e75cc0021c4cb4c9e4ab7a7213502,64,BIT_#64,arbitrary_use,later,记录表,1,256407,256406,101,1,101,1674,2068,2427.5,2472.0,0.8519052523171987,0.6771844660194175,1.0,256406.0,2021-01-24T16:46:15,2021-01-28T00:44:04,2021-01-24T16:46:15,2021-01-24T17:14:48,2021-01-28T00:09:23,2021-01-28T00:44:04,True,False,False,False
kw34hhw7xg-3/Cycled with Arbitrary Uses Profiles/#65/LR1865SZ_first20cycle210121_002_6.xlsx,34474e7eb1d6fcac83cab80af366efa7145e154579784c97c9573cd385413cdc,65,BIT_#65,arbitrary_use,first20,记录表,1,324680,324679,21,1,21,7014,10879,16149.0,16156.0,0.6736640039630937,0.4341421143847487,1.0,324679.0,2021-01-21T16:51:10,2021-01-25T11:42:23,2021-01-21T16:51:10,2021-01-21T18:48:49,2021-01-25T08:39:52,2021-01-25T11:42:23,True,False,False,False
kw34hhw7xg-3/Cycled with Arbitrary Uses Profiles/#65/LR1865SZ_cycles210125_002_6.xlsx,5acd7bb2f8f27089efe160d0a072f4344f216d78e321ef3222f8fcdcca5821dd,65,BIT_#65,arbitrary_use,later,记录表,1,235715,235714,101,1,101,1672,3630,2104.5,2113.0,1.7248752672843906,0.791292001893043,1.0,235714.0,2021-01-25T13:35:41,2021-01-28T15:44:49,2021-01-25T13:35:41,2021-01-25T14:03:41,2021-01-28T14:44:11,2021-01-28T15:44:49,True,False,False,False
kw34hhw7xg-3/Cycled with Arbitrary Uses Profiles/#66/LR1865SZ_first20cycle210120_002_8.xlsx,5d6ae585ad2bb89248a0d987b1ef253aa5a31af9a7b55cd7c25720baeca16582,66,BIT_#66,arbitrary_use,first20,记录表,1,317381,317380,21,1,21,7037,10414,15794.0,15797.0,0.659364315562872,0.44546432867000063,1.0,317380.0,2021-01-20T19:02:19,2021-01-24T11:40:26,2021-01-20T19:02:19,2021-01-20T21:00:13,2021-01-24T08:45:55,2021-01-24T11:40:26,True,False,False,False
kw34hhw7xg-3/Cycled with Arbitrary Uses Profiles/#66/LR1865SZ_cycles210124_002_8.xlsx,e584c76e3fcaa7592550de0ad01173dd4ca5555d22d18591cfa373bcca6a4e00,66,BIT_#66,arbitrary_use,later,记录表,1,241677,241676,101,1,101,1704,3715,2095.0,2096.0,1.7732696897374702,0.8129770992366412,1.0,241676.0,2021-01-24T16:46:31,2021-01-27T20:34:17,2021-01-24T16:46:31,2021-01-24T17:15:22,2021-01-27T19:31:38,2021-01-27T20:34:17,True,False,False,False
kw34hhw7xg-3/Cycled with Arbitrary Uses Profiles/#67/LR1865SZ_first20cycle210120_003_5.xlsx,e8d95ae9b38fda28edfc20cdb0c1331bc86825ad7c7abbc3b2087199fd062e21,67,BIT_#67,arbitrary_use,first20,记录表,1,315005,315004,21,1,21,7020,10311,15668.0,15671.0,0.6580929282614245,0.4479612022206624,1.0,315004.0,2021-01-20T11:43:33,2021-01-24T03:50:12,2021-01-20T11:43:33,2021-01-20T13:41:12,2021-01-24T00:56:53,2021-01-24T03:50:12,True,False,False,False
kw34hhw7xg-3/Cycled with Arbitrary Uses Profiles/#67/LR1865SZ_cycles210124_003_5.xlsx,e3f755b022fd8b3f487a629a31d4871e0968059801e7852bdebdfed1f7394aa3,67,BIT_#67,arbitrary_use,later,记录表,1,286440,286439,101,1,101,1669,3669,3103.5,3105.0,1.1822136297728372,0.5375201288244766,1.0,286439.0,2021-01-24T16:46:58,2021-01-28T09:01:52,2021-01-24T16:46:58,2021-01-24T17:15:15,2021-01-28T08:00:34,2021-01-28T09:01:52,True,False,False,False
kw34hhw7xg-3/Cycled with Arbitrary Uses Profiles/#68/LR1865SZ_first20cycle210120_003_7.xlsx,1490aa9201d195b14fbba15c8c2e7a968ed8d23f5a63ea8fb3e139e2da3db33c,68,BIT_#68,arbitrary_use,first20,记录表,1,318424,318423,21,1,21,7044,10374,15820.0,15824.0,0.6557522123893805,0.44514661274014156,1.0,318423.0,2021-01-20T19:02:19,2021-01-24T11:59:28,2021-01-20T19:02:19,2021-01-20T21:00:29,2021-01-24T09:05:28,2021-01-24T11:59:28,True,False,False,False
kw34hhw7xg-3/Cycled with Arbitrary Uses Profiles/#68/LR1865SZ_cycles210124_003_7.xlsx,3d4b0974679f1fc08a62fb43001f8315969b281f1248d19477e6d74bd3dad67a,68,BIT_#68,arbitrary_use,later,记录表,1,237555,237554,101,1,101,1687,3726,2045.5,2049.0,1.8215595208995357,0.8233284529038556,1.0,237554.0,2021-01-24T16:47:13,2021-01-27T19:23:52,2021-01-24T16:47:13,2021-01-24T17:15:48,2021-01-27T18:21:23,2021-01-27T19:23:52,True,False,False,False
kw34hhw7xg-3/Cycled with Arbitrary Uses Profiles/#69/LR1865SZ_first20cycle210120_003_8.xlsx,ec7f2e7eff6d9dae46a78bbe817cd93fd10638b23dfa7151f6171fd3e6fb0dab,69,BIT_#69,arbitrary_use,first20,记录表,1,312224,312223,21,1,21,6996,10235,15514.5,15518.0,0.659705436849399,0.4508312926923573,1.0,312223.0,2021-01-20T11:43:38,2021-01-24T02:57:31,2021-01-20T11:43:38,2021-01-20T13:41:02,2021-01-24T00:06:16,2021-01-24T02:57:31,True,False,False,False
kw34hhw7xg-3/Cycled with Arbitrary Uses Profiles/#69/LR1865SZ_cycles210124_003_8.xlsx,136f0c9945ef2de70338520593122146939ac16adc85770233c2bfc1a2ed2bba,69,BIT_#69,arbitrary_use,later,记录表,1,292045,292044,101,1,101,1683,3696,3166.5,3168.0,1.1672193273330176,0.53125,1.0,292044.0,2021-01-24T16:46:58,2021-01-28T10:36:27,2021-01-24T16:46:58,2021-01-24T17:15:27,2021-01-28T09:34:35,2021-01-28T10:36:27,True,False,False,False
kw34hhw7xg-3/Cycled with Arbitrary Uses Profiles/#70/LR1865SZ_first20cycle210122_004_1.xlsx,b95740594831e0bd4367b8da650c7d9dc44e0c18a2697970590cb447f97d5f91,70,BIT_#70,arbitrary_use,first20,记录表,1,304610,304609,21,1,21,6998,9931,15137.0,15141.0,0.6560745193895752,0.4621887589987451,1.0,304609.0,2021-01-22T10:29:54,2021-01-25T23:31:17,2021-01-22T10:29:54,2021-01-22T12:27:11,2021-01-25T20:44:49,2021-01-25T23:31:17,True,False,False,False
kw34hhw7xg-3/Cycled with Arbitrary Uses Profiles/#70/LR1865SZ_cycles210126_004_1.xlsx,f00d8555b733fc578f36a3b50950a50cee6c861db3f1a76cda7656e7c11c1069,70,BIT_#70,arbitrary_use,later,记录表,1,268508,268507,101,1,101,1696,2541,2227.0,2334.0,1.1409968567579705,0.726649528706084,1.0,268507.0,2021-01-26T00:49:10,2021-01-29T12:05:44,2021-01-26T00:49:10,2021-01-26T01:17:28,2021-01-29T11:23:10,2021-01-29T12:05:44,True,False,False,False
kw34hhw7xg-3/Cycled with Arbitrary Uses Profiles/#71/LR1865SZ_first20cycle210122_004_2.xlsx,f1c1f1ce6b24c1f5c9db658fd35b01332a070aaa862ec39a9c6a2d73600d0432,71,BIT_#71,arbitrary_use,first20,记录表,1,305510,305509,21,1,21,6997,9975,15176.5,15177.0,0.6572661680888215,0.4610265533372867,1.0,305509.0,2021-01-22T10:30:03,2021-01-25T23:50:57,2021-01-22T10:30:03,2021-01-22T12:27:21,2021-01-25T21:03:35,2021-01-25T23:50:57,True,False,False,False
kw34hhw7xg-3/Cycled with Arbitrary Uses Profiles/#71/LR1865SZ_cycles210126_004_2.xlsx,7bf93a0b72f8cca133b934f836cd888b16cb784b324fdca4aca3ca69576c27d4,71,BIT_#71,arbitrary_use,later,记录表,1,271232,271231,101,1,101,1710,2538,2264.0,2373.0,1.1210247349823321,0.7206068268015171,1.0,271231.0,2021-01-26T00:49:15,2021-01-29T12:52:35,2021-01-26T00:49:15,2021-01-26T01:17:48,2021-01-29T12:10:05,2021-01-29T12:52:35,True,False,False,False
kw34hhw7xg-3/Cycled with Arbitrary Uses Profiles/#72/LR1865SZ_first20cycle210122_004_3.xlsx,79876749127dacbd3f4ed7c116769d1ec4d8faab39789ecff847582fd07f12d8,72,BIT_#72,arbitrary_use,first20,记录表,1,305683,305682,21,1,21,7013,9968,15205.5,15206.0,0.6555522672717109,0.4611995265026963,1.0,305682.0,2021-01-22T10:30:03,2021-01-25T23:57:55,2021-01-22T10:30:03,2021-01-22T12:27:35,2021-01-25T21:10:28,2021-01-25T23:57:55,True,False,False,False
kw34hhw7xg-3/Cycled with Arbitrary Uses Profiles/#72/LR1865SZ_cycles210126_004_3.xlsx,0d9fe075f418de3d8e72f0fae1be5c69262bdb8af36e2ec65ff48afccd975b7a,72,BIT_#72,arbitrary_use,later,记录表,1,269358,269357,101,1,101,1700,2557,2295.0,2369.0,1.1141612200435729,0.7176023638666104,1.0,269357.0,2021-01-26T00:49:15,2021-01-29T12:21:37,2021-01-26T00:49:15,2021-01-26T01:17:39,2021-01-29T11:38:42,2021-01-29T12:21:37,True,False,False,False
kw34hhw7xg-3/Cycled with Arbitrary Uses Profiles/#73/LR1865SZ_first20cycle210122_004_4.xlsx,5c2c19d8e5f52e373260be2461833f11b687751617eedaf1304d53c55ff0598a,73,BIT_#73,arbitrary_use,first20,记录表,1,309135,309134,21,1,21,7020,10147,15356.0,15356.0,0.6607840583485283,0.45715029955717634,1.0,309134.0,2021-01-22T10:30:03,2021-01-26T00:59:26,2021-01-22T10:30:03,2021-01-22T12:27:44,2021-01-25T22:09:04,2021-01-26T00:59:26,True,False,False,False
kw34hhw7xg-3/Cycled with Arbitrary Uses Profiles/#73/LR1865SZ_cycles210126_004_4.xlsx,2c7b4d9cf74779cadaff785a825912a28c573027056359d89dae4f698ec92de8,73,BIT_#73,arbitrary_use,later,记录表,1,235890,235889,101,1,101,1661,2123,2237.5,2265.0,0.9488268156424581,0.7333333333333333,1.0,235889.0,2021-01-26T09:00:14,2021-01-29T11:13:11,2021-01-26T09:00:14,2021-01-26T09:28:08,2021-01-29T10:37:27,2021-01-29T11:13:11,True,False,False,False
kw34hhw7xg-3/Cycled with Arbitrary Uses Profiles/#74/LR1865SZ_first20cycle210122_004_5.xlsx,6b816be435fee942357839dfcf57579f72d7bc0bc5b19d9a2e546f0ed4b583ae,74,BIT_#74,arbitrary_use,first20,记录表,1,304673,304672,21,1,21,7013,9890,15136.0,15137.0,0.6534090909090909,0.4633018431657528,1.0,304672.0,2021-01-22T10:30:03,2021-01-25T23:52:20,2021-01-22T10:30:03,2021-01-22T12:27:37,2021-01-25T21:05:56,2021-01-25T23:52:20,True,False,False,False
kw34hhw7xg-3/Cycled with Arbitrary Uses Profiles/#74/LR1865SZ_cycles210126_004_5.xlsx,1742fef9ea300fd762054e96fa2371353292d53bed51f81a39bdcee997e3fcea,74,BIT_#74,arbitrary_use,later,记录表,1,238458,238457,101,1,101,1701,2059,2255.5,2256.0,0.9128796275770339,0.7539893617021277,1.0,238457.0,2021-01-26T00:50:16,2021-01-29T03:43:46,2021-01-26T00:50:16,2021-01-26T01:18:41,2021-01-29T03:09:02,2021-01-29T03:43:46,True,False,False,False
kw34hhw7xg-3/Cycled with Arbitrary Uses Profiles/#75/LR1865SZ_first20cycle210122_004_6.xlsx,5b5c5b2719f08053b06059bdb6ab2bf84418d58b57c6b0b09532d9b3a7e10924,75,BIT_#75,arbitrary_use,first20,记录表,1,316808,316807,21,1,21,7080,10787,15644.0,15651.0,0.6895295320889798,0.4523672608778992,1.0,316807.0,2021-01-22T10:30:03,2021-01-26T03:18:40,2021-01-22T10:30:03,2021-01-22T12:28:43,2021-01-26T00:18:12,2021-01-26T03:18:40,True,False,False,False
kw34hhw7xg-3/Cycled with Arbitrary Uses Profiles/#75/LR1865SZ_cycles210126_004_6.xlsx,377259e4138c8b9c50a3cc95f804b33c5a5411b4a8c1f55b46945eac5a789782,75,BIT_#75,arbitrary_use,later,记录表,1,231585,231584,101,1,101,1695,2022,2245.0,2308.0,0.9006681514476614,0.7344020797227037,1.0,231584.0,2021-01-26T09:00:40,2021-01-29T10:00:17,2021-01-26T09:00:40,2021-01-26T09:29:16,2021-01-29T09:26:09,2021-01-29T10:00:17,True,False,False,False
kw34hhw7xg-3/Cycled with Arbitrary Uses Profiles/#76/LR1865SZ_first20cycle210122_005_5.xlsx,825d92febab4e41632eafe36ce31bc4a4cbfdd5e5a9c6de58bf76463ec0b489f,76,BIT_#76,arbitrary_use,first20,记录表,1,308704,308703,21,1,21,7028,10111,15326.0,15336.0,0.6597285658358345,0.4582681272822118,1.0,308703.0,2021-01-22T10:30:17,2021-01-26T00:39:56,2021-01-22T10:30:17,2021-01-22T12:28:05,2021-01-25T21:50:40,2021-01-26T00:39:56,True,False,False,False
kw34hhw7xg-3/Cycled with Arbitrary Uses Profiles/#76/LR1865SZ_cycles210126_005_5.xlsx,ae46d3d3fae87a5166faa1f4ce2bf1d780c422ed5aa2b34ce2779cbd58134b17,76,BIT_#76,arbitrary_use,later,记录表,1,260807,260806,101,1,101,1679,2117,2230.5,2253.0,0.9491145483075544,0.7452285841100754,1.0,260806.0,2021-01-26T00:51:05,2021-01-29T10:05:31,2021-01-26T00:51:05,2021-01-26T01:19:09,2021-01-29T09:29:41,2021-01-29T10:05:31,True,False,False,False
kw34hhw7xg-3/Cycled with Arbitrary Uses Profiles/#77/LR1865SZ_first20cycle210122_005_6.xlsx,5d4629157925c77e737f10c90087683662c7f9991620df683a2cdb534f49b031,77,BIT_#77,arbitrary_use,first20,记录表,1,311113,311112,21,1,21,7047,10186,15466.0,15468.0,0.6586059743954481,0.4555857253685027,1.0,311112.0,2021-01-22T10:30:17,2021-01-26T01:22:52,2021-01-22T10:30:17,2021-01-22T12:28:25,2021-01-25T22:32:30,2021-01-26T01:22:52,True,False,False,False
kw34hhw7xg-3/Cycled with Arbitrary Uses Profiles/#77/LR1865SZ_cycles210126_005_6.xlsx,a12615f3272f49ccbf3ea618774ae98f75fc864f6e41cc06367d2021ae998b06,77,BIT_#77,arbitrary_use,later,记录表,1,233238,233237,101,1,101,1668,2001,1910.5,1962.0,1.0473697984820727,0.8501529051987767,1.0,233237.0,2021-01-26T08:59:01,2021-01-29T10:33:13,2021-01-26T08:59:01,2021-01-26T09:27:08,2021-01-29T09:59:24,2021-01-29T10:33:13,True,False,False,False
