member,bytes,sha256,suffix,parser,field_count,cycle_candidate_count,capacity_candidate_count,cohort_hint,physical_cycle_190_representable,source_member_name_output_like,model_output_generated
kw34hhw7xg-3/Readme.txt,1094,558ac82874b81cc0641ce3c9945e824fe700c83722aed43da1c4ae2955eed60e,.txt,pandas_txt,3,0,0,unresolved,unknown,false,no
kw34hhw7xg-3/Cycled with Arbitrary Uses Profiles/#1/LR1865SZ_cycles210121_001_1.xlsx,15624985,f8115184a3fabe4d72555d78eb332c628e1176dad2541e054da3265f358ed49c,.xlsx,pandas_excel,9,1,1,arbitrary_use,false,false,no
kw34hhw7xg-3/Cycled with Arbitrary Uses Profiles/#1/LR1865SZ_first20cycle210117_001_1.xlsx,18056616,70b3432c6ae903ebf591d30a02003e409318a450ebc650e25a9becdc7d5c46c3,.xlsx,pandas_excel,9,1,1,arbitrary_use,false,false,no
kw34hhw7xg-3/Cycled with Arbitrary Uses Profiles/#11/LR1865SZ_cycles201229_001_3.xlsx,12592407,0d9bbd865d5ba8e4ae1abb0713282286be69f93c1c51e1db301aecc3824b036c,.xlsx,pandas_excel,9,1,1,arbitrary_use,false,false,no
kw34hhw7xg-3/Cycled with Arbitrary Uses Profiles/#11/LR1865SZ_first20cycle201225_001_3.xlsx,18377383,f8554e21ea7edf5a96ac0be5fde3920ab51d69b169ad007a86677522981899af,.xlsx,pandas_excel,9,1,1,arbitrary_use,false,false,no
kw34hhw7xg-3/Cycled with Arbitrary Uses Profiles/#12/LR1865SZ_cycles210109_001_3.xlsx,12392859,8e9a954c6043a916f6105967854e5d162d6133f3e432346a6ed16bda09a3f539,.xlsx,pandas_excel,9,1,1,arbitrary_use,false,false,no
kw34hhw7xg-3/Cycled with Arbitrary Uses Profiles/#12/LR1865SZ_first20cycle210105_001_3.xlsx,18246837,1cb7f7c25432a9c19a22dcd1fed0e32f737576fc0ca2c5d3de2c946070f4edd9,.xlsx,pandas_excel,9,1,1,arbitrary_use,false,false,no
kw34hhw7xg-3/Cycled with Arbitrary Uses Profiles/#14/LR1865SZ_cycles201229_001_5.xlsx,16229087,fbd93daad24507115a173a659ea8f33c3d7bc7cef685f391b488a5866da8a040,.xlsx,pandas_excel,9,1,1,arbitrary_use,false,false,no
kw34hhw7xg-3/Cycled with Arbitrary Uses Profiles/#14/LR1865SZ_first20cycle201225_001_5.xlsx,18843001,5716cfdefe836cd9d099a5b446e364d954e2ccc36a7515971257f5e7c5ec169f,.xlsx,pandas_excel,9,1,1,arbitrary_use,false,false,no
kw34hhw7xg-3/Cycled with Arbitrary Uses Profiles/#15/LR1865SZ_cycles210110_001_5.xlsx,13192155,85aab25772e0390da3c71b805846a81f8dbabd30ffa870a4c716f3cc39c9c9a4,.xlsx,pandas_excel,9,1,1,arbitrary_use,false,false,no
kw34hhw7xg-3/Cycled with Arbitrary Uses Profiles/#15/LR1865SZ_first20cycle210106_001_5.xlsx,18670154,eaab0c0811c30c64e7e2bb70d14204af133c1f7ea6c62e63e0f1a80bd6f3685b,.xlsx,pandas_excel,9,1,1,arbitrary_use,false,false,no
kw34hhw7xg-3/Cycled with Arbitrary Uses Profiles/#17/LR1865SZ_cycles201229_001_6.xlsx,15943751,3caf26c5c421393a6b193e0aacf9b8d507fc4a66729292fb940d6f2f727c8884,.xlsx,pandas_excel,9,1,1,arbitrary_use,false,false,no
kw34hhw7xg-3/Cycled with Arbitrary Uses Profiles/#17/LR1865SZ_first20cycle201225_001_6.xlsx,18504596,3b1d9de13a40790bd62c834318446f7445f043997718277e60c1bc82186e3439,.xlsx,pandas_excel,9,1,1,arbitrary_use,false,false,no
kw34hhw7xg-3/Cycled with Arbitrary Uses Profiles/#18/LR1865SZ_cycles210110_001_6.xlsx,12985274,62c91ebc1579efaa4df4cbf821197d2dcbabde3b7d14fc0e831ee001fe2d2e01,.xlsx,pandas_excel,9,1,1,arbitrary_use,false,false,no
kw34hhw7xg-3/Cycled with Arbitrary Uses Profiles/#18/LR1865SZ_first20cycle210106_001_6.xlsx,18439990,e8623b35f59c8954c4b98e74ffa6a03f1f37cda50ba1b74208733b8d20cd0811,.xlsx,pandas_excel,9,1,1,arbitrary_use,false,false,no
kw34hhw7xg-3/Cycled with Arbitrary Uses Profiles/#20/desktop.ini,114,2233932fd1ea41787f981803013f5249c50b91cb6b0e4ede0d9a1bf54efae830,.ini,binary_inventory_only,0,0,0,arbitrary_use,unknown,false,no
kw34hhw7xg-3/Cycled with Arbitrary Uses Profiles/#20/LR1865SZ_cycles210103_001_7.xlsx,17264341,af1ce51eb7e58574ec3e6d740365c8c85ec954ae462cae65f82d876e76d3717d,.xlsx,pandas_excel,9,1,1,arbitrary_use,false,false,no
kw34hhw7xg-3/Cycled with Arbitrary Uses Profiles/#20/LR1865SZ_first20cycles201201_001_7.xlsx,18569872,1ee646071e22b07044c8e32c26413cfc66e390bf6b0c39b258dc1584f41407ad,.xlsx,pandas_excel,9,1,1,arbitrary_use,false,false,no
kw34hhw7xg-3/Cycled with Arbitrary Uses Profiles/#21/LR1865SZ_cycles210116_001_7.xlsx,14260088,ca0493bf578bf84960a5f18fa2580e217d384de03783f32efa9a91df880d553d,.xlsx,pandas_excel,9,1,1,arbitrary_use,false,false,no
kw34hhw7xg-3/Cycled with Arbitrary Uses Profiles/#21/LR1865SZ_first20cycle210112_001_7.xlsx,18516938,2ef74cc6895fab5169070406747f6ece3b712aea646a2086cb8908c5450c42df,.xlsx,pandas_excel,9,1,1,arbitrary_use,false,false,no
kw34hhw7xg-3/Cycled with Arbitrary Uses Profiles/#24/LR1865SZ_cycles210108_002_1.xlsx,14268865,1f398efa86926442ae60c868a13b71b4128e7d28b19c6d2d2dce11edff8c6aa5,.xlsx,pandas_excel,9,1,1,arbitrary_use,false,false,no
kw34hhw7xg-3/Cycled with Arbitrary Uses Profiles/#24/LR1865SZ_first20cycle210104_002_1.xlsx,18309527,1ed713e2be925d7351f54c8cd16a7cb1c2f14bb09b199a58c606908674ce3eb0,.xlsx,pandas_excel,9,1,1,arbitrary_use,false,false,no
kw34hhw7xg-3/Cycled with Arbitrary Uses Profiles/#25/LR1865SZ_cycles210120_002_2.xlsx,17037568,55ee8bc4c31e13be1b0f64c38def4d5d999e0045edfb241eb3f4817b2f20688f,.xlsx,pandas_excel,9,1,1,arbitrary_use,false,false,no
kw34hhw7xg-3/Cycled with Arbitrary Uses Profiles/#25/LR1865SZ_first20cycle210116_002_2.xlsx,18430600,d1b83c0e67e5ef449bccc7d45d68cb6446425aead98b0f7996417321ea5c8fec,.xlsx,pandas_excel,9,1,1,arbitrary_use,false,false,no
kw34hhw7xg-3/Cycled with Arbitrary Uses Profiles/#27/LR1865SZ_cycles201226_002_2.xlsx,16715743,1046f8f0325743036fbb88fc5dac8195fbfd70c610a8f3266fccaf61e7320b06,.xlsx,pandas_excel,9,1,1,arbitrary_use,false,false,no
kw34hhw7xg-3/Cycled with Arbitrary Uses Profiles/#27/LR1865SZ_first20cycle201222_002_2.xlsx,18388665,cfe8ee7185c61cb5a4342d64e338a1e08e84623486f270f8c13223f73d904d29,.xlsx,pandas_excel,9,1,1,arbitrary_use,false,false,no
kw34hhw7xg-3/Cycled with Arbitrary Uses Profiles/#28/LR1865SZ_cycles210108_002_2.xlsx,14514270,edf29ac7c2db2d6485ac76427899103fd5a29054393de905860a4b74fd343d6a,.xlsx,pandas_excel,9,1,1,arbitrary_use,false,false,no
kw34hhw7xg-3/Cycled with Arbitrary Uses Profiles/#28/LR1865SZ_first20cycle210104_002_2.xlsx,18651222,abf1727054204224cba84d4ec981a2fe56be6833e944263bdedfc0c5eaa7aa88,.xlsx,pandas_excel,9,1,1,arbitrary_use,false,false,no
kw34hhw7xg-3/Cycled with Arbitrary Uses Profiles/#3/LR1865SZ_cycles201228_001_1.xlsx,12624602,69a3f94ad6cc7c98e24202179e03467cc6794d6f075dd2c45825022b90e777ee,.xlsx,pandas_excel,9,1,1,arbitrary_use,false,false,no
kw34hhw7xg-3/Cycled with Arbitrary Uses Profiles/#3/LR1865SZ_first20cycle201224_001_1.xlsx,18102655,955e027ffcecd4cc5e23f69926fd883f53f7472e89594e3208f5a74835947381,.xlsx,pandas_excel,9,1,1,arbitrary_use,false,false,no
kw34hhw7xg-3/Cycled with Arbitrary Uses Profiles/#30/LR1865SZ_cycles201226_002_3.xlsx,16618897,d28417368575bbf7cb6b4cadf6b8ece194ad8a4cd03aacecb588d77472c51e2e,.xlsx,pandas_excel,9,1,1,arbitrary_use,false,false,no
kw34hhw7xg-3/Cycled with Arbitrary Uses Profiles/#30/LR1865SZ_first20cycle201222_002_3.xlsx,18273712,26e2ad788a721004d3c041c6641d0ea5721d1f559a689b72a648141826764107,.xlsx,pandas_excel,9,1,1,arbitrary_use,false,false,no
kw34hhw7xg-3/Cycled with Arbitrary Uses Profiles/#31/LR1865SZ_cycles210107_002_3.xlsx,14059979,22fee1264745f67957d76c72ddc0256c54a7716a1fea5063c18164a94c372c78,.xlsx,pandas_excel,9,1,1,arbitrary_use,false,false,no
kw34hhw7xg-3/Cycled with Arbitrary Uses Profiles/#31/LR1865SZ_first20cycle210103_002_3.xlsx,18181608,cec77a19882f95401eaa1a4e9eacca82054c04c82d097d44611f431a953bc5d4,.xlsx,pandas_excel,9,1,1,arbitrary_use,false,false,no
kw34hhw7xg-3/Cycled with Arbitrary Uses Profiles/#33/LR1865SZ_cycles210102_002_4.xlsx,14055932,149e7a3326ab4ffe6a35e58b1b7367724020a28e6ecbf9bff9ed89a5da646077,.xlsx,pandas_excel,9,1,1,arbitrary_use,false,false,no
kw34hhw7xg-3/Cycled with Arbitrary Uses Profiles/#33/LR1865SZ_first20cycle201229_002_4.xlsx,18176612,372460165fe61424f816bd0823ba015b6bd42ef8b4b6f368f9b90ae111e4c44c,.xlsx,pandas_excel,9,1,1,arbitrary_use,false,false,no
kw34hhw7xg-3/Cycled with Arbitrary Uses Profiles/#34/LR1865SZ_cycles210115_002_4.xlsx,15447634,bd77d87f8e4aec8c3b7dea5ede7369c61a88fd92d8eaa7b7dfac3c5f1e07891c,.xlsx,pandas_excel,9,1,1,arbitrary_use,false,false,no
kw34hhw7xg-3/Cycled with Arbitrary Uses Profiles/#34/LR1865SZ_first20cycle210111_002_4.xlsx,18031289,67d0c92082e4d0f51c083c042151bd137cbf10649417d0982c2db15345c233a0,.xlsx,pandas_excel,9,1,1,arbitrary_use,false,false,no
kw34hhw7xg-3/Cycled with Arbitrary Uses Profiles/#36/LR1865SZ_cycles210102_002_5.xlsx,13642966,f6124ae42ce60d6d57b1dbf89d80252d97fea22cd6833183e1380cc79cf321b4,.xlsx,pandas_excel,9,1,1,arbitrary_use,false,false,no
kw34hhw7xg-3/Cycled with Arbitrary Uses Profiles/#36/LR1865SZ_first20cycle201229_002_5.xlsx,18291406,06499def4906b6245244e98fb364ab9b84dbaf98d66e967af5baaa800b46e9d1,.xlsx,pandas_excel,9,1,1,arbitrary_use,false,false,no
kw34hhw7xg-3/Cycled with Arbitrary Uses Profiles/#37/LR1865SZ_cycles210115_002_5.xlsx,15788881,5c2da946b40b66670bf386332c2ba361ce1f2d2c59364ed3bd7c46d22c3f455a,.xlsx,pandas_excel,9,1,1,arbitrary_use,false,false,no
kw34hhw7xg-3/Cycled with Arbitrary Uses Profiles/#37/LR1865SZ_first20cycle210111_002_5.xlsx,17912717,c99679d8e60f219b31ab14bbb244ad6f5d0b096da506956ce8a9ac87b219411b,.xlsx,pandas_excel,9,1,1,arbitrary_use,false,false,no
kw34hhw7xg-3/Cycled with Arbitrary Uses Profiles/#39/LR1865SZ_cycles210103_002_6.xlsx,13193696,84070ecae572171d0ade5bd130fec7587b8ed811b8595d192409dc3cdeaaf71f,.xlsx,pandas_excel,9,1,1,arbitrary_use,false,false,no
kw34hhw7xg-3/Cycled with Arbitrary Uses Profiles/#39/LR1865SZ_first20cycle201230_002_6.xlsx,18705794,57b97128aa2cb014ce4da8f506f5d3ed6ba0ca048d680fdfc41cc6907311c3e3,.xlsx,pandas_excel,9,1,1,arbitrary_use,false,false,no
kw34hhw7xg-3/Cycled with Arbitrary Uses Profiles/#4/LR1865SZ_cycles210109_001_1.xlsx,12611155,c49497535d100f685817e0e5aa1bece9eeafd28b828a8228406140d4e06dc350,.xlsx,pandas_excel,9,1,1,arbitrary_use,false,false,no
kw34hhw7xg-3/Cycled with Arbitrary Uses Profiles/#4/LR1865SZ_first20cycle210105_001_1.xlsx,17954497,55b9e20d2100dc89cd2f7606f3442744f05f317b45d7e8ce4e18366cb05cd4a9,.xlsx,pandas_excel,9,1,1,arbitrary_use,false,false,no
kw34hhw7xg-3/Cycled with Arbitrary Uses Profiles/#40/LR1865SZ_cycles210115_002_6.xlsx,16230286,8d100ad0c6136741bca89eab389a8f665f5ff4d9562421e4586098f7c87a0f92,.xlsx,pandas_excel,9,1,1,arbitrary_use,false,false,no
kw34hhw7xg-3/Cycled with Arbitrary Uses Profiles/#40/LR1865SZ_first20cycle210111_002_6.xlsx,18439624,97b3412b37ce55a7a11cc1a961f092dc5f99a89bb6e36e47545a94656136992b,.xlsx,pandas_excel,9,1,1,arbitrary_use,false,false,no
kw34hhw7xg-3/Cycled with Arbitrary Uses Profiles/#42/LR1865SZ_cycles210102_002_8.xlsx,18293857,e373f7aa5a3366a34674f8fb6c4b354cd00a2848519a14fe7907b39b15db1188,.xlsx,pandas_excel,9,1,1,arbitrary_use,false,false,no
kw34hhw7xg-3/Cycled with Arbitrary Uses Profiles/#42/LR1865SZ_first20cycle201229_002_8.xlsx,18311035,9e0c5af7ca3ec54758754dac54a1f58d8c8363527f50fe53077b7cb21e30014c,.xlsx,pandas_excel,9,1,1,arbitrary_use,false,false,no
kw34hhw7xg-3/Cycled with Arbitrary Uses Profiles/#43/LR1865SZ_cycles210115_002_8.xlsx,12710781,fd151322f347b213000fca5815013033e46545e8d5bf0b51d0de8939461fadf6,.xlsx,pandas_excel,9,1,1,arbitrary_use,false,false,no
kw34hhw7xg-3/Cycled with Arbitrary Uses Profiles/#43/LR1865SZ_first20cycle210111_002_8.xlsx,18246019,b3609d1effe667509d71467abd090dc40ce1603f6d9468152b4c34975a083955,.xlsx,pandas_excel,9,1,1,arbitrary_use,false,false,no
kw34hhw7xg-3/Cycled with Arbitrary Uses Profiles/#46/LR1865SZ_cycles210102_003_5.xlsx,15039128,28de7b68767a518a21a203e0c42e3c8ae29b9649b8ab9becb814a18c1a3b305c,.xlsx,pandas_excel,9,1,1,arbitrary_use,false,false,no
kw34hhw7xg-3/Cycled with Arbitrary Uses Profiles/#46/LR1865SZ_first20cycle201229_003_5.xlsx,18350884,6eb03c1009bdaf3211215dc1f6106bb7472dc4dac763ceebf65ecd2e2159f0d8,.xlsx,pandas_excel,9,1,1,arbitrary_use,false,false,no
kw34hhw7xg-3/Cycled with Arbitrary Uses Profiles/#47/LR1865SZ_cycles210115_003_5.xlsx,11830953,9c5dca0c75e417e6aec123e48a293ec18be5dd3ed6929bbbc908465699824c89,.xlsx,pandas_excel,9,1,1,arbitrary_use,false,false,no
kw34hhw7xg-3/Cycled with Arbitrary Uses Profiles/#47/LR1865SZ_first20cycle210111_003_5.xlsx,18205699,5c17e6a9f301f6ac61464274db7c97f15d6da5d2bd19c927c3708d87ece982a9,.xlsx,pandas_excel,9,1,1,arbitrary_use,false,false,no
kw34hhw7xg-3/Cycled with Arbitrary Uses Profiles/#5/LR1865SZ_cycles210121_001_2.xlsx,16315524,ce4f0b6777ab177f7f8a2676d24bcac876247b4adfb3490a1d954f37cfa64376,.xlsx,pandas_excel,9,1,1,arbitrary_use,false,false,no
kw34hhw7xg-3/Cycled with Arbitrary Uses Profiles/#5/LR1865SZ_first20cycle210117_001_2.xlsx,18448882,2d1ec5ced27507627b3bdbbd37976441ce8cdb507d28f053887e3e7a4672eba8,.xlsx,pandas_excel,9,1,1,arbitrary_use,false,false,no
kw34hhw7xg-3/Cycled with Arbitrary Uses Profiles/#50/LR1865SZ_cycles210102_003_6.xlsx,15181951,aa4ab46fddb2ed312ee3eb6ddccf3e945c1956990d996ac8f7634e63c284f86d,.xlsx,pandas_excel,9,1,1,arbitrary_use,false,false,no
kw34hhw7xg-3/Cycled with Arbitrary Uses Profiles/#50/LR1865SZ_first20cycle201229_003_6.xlsx,18139377,69e0ae195565e1216ba95836ec8fbbc9a727c27d8b90bb24e64cb1a4e845a72e,.xlsx,pandas_excel,9,1,1,arbitrary_use,false,false,no
kw34hhw7xg-3/Cycled with Arbitrary Uses Profiles/#51/LR1865SZ_cycles210115_003_6.xlsx,12037371,0c2fc25a7193feee175c1ddbb1df696e64a8f5d8b04a08e906ba003720602047,.xlsx,pandas_excel,9,1,1,arbitrary_use,false,false,no
kw34hhw7xg-3/Cycled with Arbitrary Uses Profiles/#51/LR1865SZ_first20cycle210111_003_6.xlsx,16822116,a02544b2b83dc4c225eb243bdcd0e7e2c36063b247287c0e578a257dd93529ec,.xlsx,pandas_excel,9,1,1,arbitrary_use,false,false,no
kw34hhw7xg-3/Cycled with Arbitrary Uses Profiles/#54/LR1865SZ_cycles210103_003_7.xlsx,15418091,ecdcf26e731564aa93c1cb591eeab5391661db8026f6bdaf1630ef4a77884d72,.xlsx,pandas_excel,9,1,1,arbitrary_use,false,false,no
kw34hhw7xg-3/Cycled with Arbitrary Uses Profiles/#54/LR1865SZ_first20cycle201230_003_7.xlsx,18495553,58c8afdf8f1789dc0f2cfbde3a1ddb1fe8e9185cdb4455d2c660c605f0aa4098,.xlsx,pandas_excel,9,1,1,arbitrary_use,false,false,no
kw34hhw7xg-3/Cycled with Arbitrary Uses Profiles/#55/LR1865SZ_cycles210115_003_7.xlsx,14408942,c0fc2261b8d5c275fc1e9c7bec39bbbb7bba1563bbd8ae5475c2b8980c93d473,.xlsx,pandas_excel,9,1,1,arbitrary_use,false,false,no
kw34hhw7xg-3/Cycled with Arbitrary Uses Profiles/#55/LR1865SZ_first20cycle210111_003_7.xlsx,18045416,d22864e3a6a45de59af025707b960742b3cfb4611284d6a48fa14de954a6b9df,.xlsx,pandas_excel,9,1,1,arbitrary_use,false,false,no
kw34hhw7xg-3/Cycled with Arbitrary Uses Profiles/#56/LR1865SZ_cycles210115_003_8.xlsx,14149918,052de7a0c05458ad7b9f8b6a1f536f513b9d9bc166e821c456a738ab38c6045d,.xlsx,pandas_excel,9,1,1,arbitrary_use,false,false,no
kw34hhw7xg-3/Cycled with Arbitrary Uses Profiles/#56/LR1865SZ_first20cycle210111_003_8.xlsx,18008012,7e3d125568319f6bc34d1aae64e9bf59f1c84dab71c5bf162a3a397f0b266e7c,.xlsx,pandas_excel,9,1,1,arbitrary_use,false,false,no
kw34hhw7xg-3/Cycled with Arbitrary Uses Profiles/#59/LR1865SZ_cycles210102_003_8.xlsx,17628998,9a9fc798d829d28698e95eb1169f187f80c680f6f52fe2c41f5c7660c3efc6ae,.xlsx,pandas_excel,9,1,1,arbitrary_use,false,false,no
kw34hhw7xg-3/Cycled with Arbitrary Uses Profiles/#59/LR1865SZ_first20cycle201229_003_8.xlsx,17961268,5edc27bf55d6a42e180c6c32a9e495acc3aa7f7ad5e3be42c464ce3b8baee348,.xlsx,pandas_excel,9,1,1,arbitrary_use,false,false,no
kw34hhw7xg-3/Cycled with Arbitrary Uses Profiles/#60/LR1865SZ_cycles210122_001_5.xlsx,11898094,28332aec16fc25e1bb394d9b08cefc4819f409276776a829900107f0bcc8e21f,.xlsx,pandas_excel,9,1,1,arbitrary_use,false,false,no
kw34hhw7xg-3/Cycled with Arbitrary Uses Profiles/#60/LR1865SZ_first20cycle210118_001_5.xlsx,18403135,8b160e4890e19f2f945315cc48a13ea437db5fd13babe1a7861aac42bfe14b7a,.xlsx,pandas_excel,9,1,1,arbitrary_use,false,false,no
kw34hhw7xg-3/Cycled with Arbitrary Uses Profiles/#61/LR1865SZ_cycles210122_001_6.xlsx,11971462,1b66b55086fa9e140118ca5e352e9e66511f646904ee68701ddf86f4131cb683,.xlsx,pandas_excel,9,1,1,arbitrary_use,false,false,no
kw34hhw7xg-3/Cycled with Arbitrary Uses Profiles/#61/LR1865SZ_first20cycle210118_001_6.xlsx,18310414,5d29445960e6c5ec42d4255262c0f02e581e81b8dc3fdb44fe8313fc9556da8b,.xlsx,pandas_excel,9,1,1,arbitrary_use,false,false,no
kw34hhw7xg-3/Cycled with Arbitrary Uses Profiles/#62/LR1865SZ_cycles210125_001_7.xlsx,15735206,cabd5a7a3b849147d0935d6d32731ae071a075612e5b134e5e71f76bd56158fe,.xlsx,pandas_excel,9,1,1,arbitrary_use,false,false,no
kw34hhw7xg-3/Cycled with Arbitrary Uses Profiles/#62/LR1865SZ_first20cycle210121_001_7.xlsx,17609180,73cfd64c01ea6f5a230ab83425ff18f3377972a7b97071e9358a84ce5cc43fe9,.xlsx,pandas_excel,9,1,1,arbitrary_use,false,false,no
kw34hhw7xg-3/Cycled with Arbitrary Uses Profiles/#63/LR1865SZ_cycles210124_002_4.xlsx,13938601,7b74bf9007a26eb60f5827ebd696fe4b4ee18618e939b8c186e316b7828f5377,.xlsx,pandas_excel,9,1,1,arbitrary_use,false,false,no
kw34hhw7xg-3/Cycled with Arbitrary Uses Profiles/#63/LR1865SZ_first20cycle210120_002_4.xlsx,18339045,df6a84953e654573ac4f2fc0756e8a0c55684a83bbcc72c554543aaa41faa8dd,.xlsx,pandas_excel,9,1,1,arbitrary_use,false,false,no
kw34hhw7xg-3/Cycled with Arbitrary Uses Profiles/#64/LR1865SZ_cycles210124_002_5.xlsx,15561960,e025251558f4aa575cb004fdf063f14f256e75cc0021c4cb4c9e4ab7a7213502,.xlsx,pandas_excel,9,1,1,arbitrary_use,false,false,no
kw34hhw7xg-3/Cycled with Arbitrary Uses Profiles/#64/LR1865SZ_first20cycle210120_002_5.xlsx,18361620,501f6298dc6a3ddffe6229c5f3bf7b0a89b390d35de024d3ea54661fc6775ac5,.xlsx,pandas_excel,9,1,1,arbitrary_use,false,false,no
kw34hhw7xg-3/Cycled with Arbitrary Uses Profiles/#65/LR1865SZ_cycles210125_002_6.xlsx,14295729,5acd7bb2f8f27089efe160d0a072f4344f216d78e321ef3222f8fcdcca5821dd,.xlsx,pandas_excel,9,1,1,arbitrary_use,false,false,no
kw34hhw7xg-3/Cycled with Arbitrary Uses Profiles/#65/LR1865SZ_first20cycle210121_002_6.xlsx,18631424,34474e7eb1d6fcac83cab80af366efa7145e154579784c97c9573cd385413cdc,.xlsx,pandas_excel,9,1,1,arbitrary_use,false,false,no
kw34hhw7xg-3/Cycled with Arbitrary Uses Profiles/#66/LR1865SZ_cycles210124_002_8.xlsx,14631417,e584c76e3fcaa7592550de0ad01173dd4ca5555d22d18591cfa373bcca6a4e00,.xlsx,pandas_excel,9,1,1,arbitrary_use,false,false,no
kw34hhw7xg-3/Cycled with Arbitrary Uses Profiles/#66/LR1865SZ_first20cycle210120_002_8.xlsx,18361694,5d6ae585ad2bb89248a0d987b1ef253aa5a31af9a7b55cd7c25720baeca16582,.xlsx,pandas_excel,9,1,1,arbitrary_use,false,false,no
kw34hhw7xg-3/Cycled with Arbitrary Uses Profiles/#67/LR1865SZ_cycles210124_003_5.xlsx,17331814,e3f755b022fd8b3f487a629a31d4871e0968059801e7852bdebdfed1f7394aa3,.xlsx,pandas_excel,9,1,1,arbitrary_use,false,false,no
kw34hhw7xg-3/Cycled with Arbitrary Uses Profiles/#67/LR1865SZ_first20cycle210120_003_5.xlsx,18227849,e8d95ae9b38fda28edfc20cdb0c1331bc86825ad7c7abbc3b2087199fd062e21,.xlsx,pandas_excel,9,1,1,arbitrary_use,false,false,no
kw34hhw7xg-3/Cycled with Arbitrary Uses Profiles/#68/LR1865SZ_cycles210124_003_7.xlsx,14333196,3d4b0974679f1fc08a62fb43001f8315969b281f1248d19477e6d74bd3dad67a,.xlsx,pandas_excel,9,1,1,arbitrary_use,false,false,no
kw34hhw7xg-3/Cycled with Arbitrary Uses Profiles/#68/LR1865SZ_first20cycle210120_003_7.xlsx,18371494,1490aa9201d195b14fbba15c8c2e7a968ed8d23f5a63ea8fb3e139e2da3db33c,.xlsx,pandas_excel,9,1,1,arbitrary_use,false,false,no
kw34hhw7xg-3/Cycled with Arbitrary Uses Profiles/#69/LR1865SZ_cycles210124_003_8.xlsx,17693229,136f0c9945ef2de70338520593122146939ac16adc85770233c2bfc1a2ed2bba,.xlsx,pandas_excel,9,1,1,arbitrary_use,false,false,no
kw34hhw7xg-3/Cycled with Arbitrary Uses Profiles/#69/LR1865SZ_first20cycle210120_003_8.xlsx,18059540,ec7f2e7eff6d9dae46a78bbe817cd93fd10638b23dfa7151f6171fd3e6fb0dab,.xlsx,pandas_excel,9,1,1,arbitrary_use,false,false,no
kw34hhw7xg-3/Cycled with Arbitrary Uses Profiles/#7/LR1865SZ_cycles201229_001_2.xlsx,12913847,dd7d1046ee652bcf593f9e04d1d4f9397c923b631fe02badb74ec9e7e0aafb3f,.xlsx,pandas_excel,9,1,1,arbitrary_use,false,false,no
kw34hhw7xg-3/Cycled with Arbitrary Uses Profiles/#7/LR1865SZ_first20cycle201225_001_2.xlsx,18688352,ec2cfc6369d157c6aacd8c015cce31fe5ca4dfbee26feacd8592d07ab43b471a,.xlsx,pandas_excel,9,1,1,arbitrary_use,false,false,no
kw34hhw7xg-3/Cycled with Arbitrary Uses Profiles/#70/LR1865SZ_cycles210126_004_1.xlsx,16122983,f00d8555b733fc578f36a3b50950a50cee6c861db3f1a76cda7656e7c11c1069,.xlsx,pandas_excel,9,1,1,arbitrary_use,false,false,no
kw34hhw7xg-3/Cycled with Arbitrary Uses Profiles/#70/LR1865SZ_first20cycle210122_004_1.xlsx,17371535,b95740594831e0bd4367b8da650c7d9dc44e0c18a2697970590cb447f97d5f91,.xlsx,pandas_excel,9,1,1,arbitrary_use,false,false,no
kw34hhw7xg-3/Cycled with Arbitrary Uses Profiles/#71/LR1865SZ_cycles210126_004_2.xlsx,16400144,7bf93a0b72f8cca133b934f836cd888b16cb784b324fdca4aca3ca69576c27d4,.xlsx,pandas_excel,9,1,1,arbitrary_use,false,false,no
kw34hhw7xg-3/Cycled with Arbitrary Uses Profiles/#71/LR1865SZ_first20cycle210122_004_2.xlsx,17678808,f1c1f1ce6b24c1f5c9db658fd35b01332a070aaa862ec39a9c6a2d73600d0432,.xlsx,pandas_excel,9,1,1,arbitrary_use,false,false,no
kw34hhw7xg-3/Cycled with Arbitrary Uses Profiles/#72/LR1865SZ_cycles210126_004_3.xlsx,16316130,0d9fe075f418de3d8e72f0fae1be5c69262bdb8af36e2ec65ff48afccd975b7a,.xlsx,pandas_excel,9,1,1,arbitrary_use,false,false,no
kw34hhw7xg-3/Cycled with Arbitrary Uses Profiles/#72/LR1865SZ_first20cycle210122_004_3.xlsx,17610048,79876749127dacbd3f4ed7c116769d1ec4d8faab39789ecff847582fd07f12d8,.xlsx,pandas_excel,9,1,1,arbitrary_use,false,false,no
kw34hhw7xg-3/Cycled with Arbitrary Uses Profiles/#73/LR1865SZ_cycles210126_004_4.xlsx,14311292,2c7b4d9cf74779cadaff785a825912a28c573027056359d89dae4f698ec92de8,.xlsx,pandas_excel,9,1,1,arbitrary_use,false,false,no
kw34hhw7xg-3/Cycled with Arbitrary Uses Profiles/#73/LR1865SZ_first20cycle210122_004_4.xlsx,17863279,5c2c19d8e5f52e373260be2461833f11b687751617eedaf1304d53c55ff0598a,.xlsx,pandas_excel,9,1,1,arbitrary_use,false,false,no
kw34hhw7xg-3/Cycled with Arbitrary Uses Profiles/#74/LR1865SZ_cycles210126_004_5.xlsx,14381898,1742fef9ea300fd762054e96fa2371353292d53bed51f81a39bdcee997e3fcea,.xlsx,pandas_excel,9,1,1,arbitrary_use,false,false,no
kw34hhw7xg-3/Cycled with Arbitrary Uses Profiles/#74/LR1865SZ_first20cycle210122_004_5.xlsx,17626584,6b816be435fee942357839dfcf57579f72d7bc0bc5b19d9a2e546f0ed4b583ae,.xlsx,pandas_excel,9,1,1,arbitrary_use,false,false,no
kw34hhw7xg-3/Cycled with Arbitrary Uses Profiles/#75/LR1865SZ_cycles210126_004_6.xlsx,14034960,377259e4138c8b9c50a3cc95f804b33c5a5411b4a8c1f55b46945eac5a789782,.xlsx,pandas_excel,9,1,1,arbitrary_use,false,false,no
kw34hhw7xg-3/Cycled with Arbitrary Uses Profiles/#75/LR1865SZ_first20cycle210122_004_6.xlsx,18225771,5b5c5b2719f08053b06059bdb6ab2bf84418d58b57c6b0b09532d9b3a7e10924,.xlsx,pandas_excel,9,1,1,arbitrary_use,false,false,no
kw34hhw7xg-3/Cycled with Arbitrary Uses Profiles/#76/LR1865SZ_cycles210126_005_5.xlsx,15808844,ae46d3d3fae87a5166faa1f4ce2bf1d780c422ed5aa2b34ce2779cbd58134b17,.xlsx,pandas_excel,9,1,1,arbitrary_use,false,false,no
kw34hhw7xg-3/Cycled with Arbitrary Uses Profiles/#76/LR1865SZ_first20cycle210122_005_5.xlsx,17836996,825d92febab4e41632eafe36ce31bc4a4cbfdd5e5a9c6de58bf76463ec0b489f,.xlsx,pandas_excel,9,1,1,arbitrary_use,false,false,no
kw34hhw7xg-3/Cycled with Arbitrary Uses Profiles/#77/LR1865SZ_cycles210126_005_6.xlsx,14024983,a12615f3272f49ccbf3ea618774ae98f75fc864f6e41cc06367d2021ae998b06,.xlsx,pandas_excel,9,1,1,arbitrary_use,false,false,no
kw34hhw7xg-3/Cycled with Arbitrary Uses Profiles/#77/LR1865SZ_first20cycle210122_005_6.xlsx,17977582,5d4629157925c77e737f10c90087683662c7f9991620df683a2cdb534f49b031,.xlsx,pandas_excel,9,1,1,arbitrary_use,false,false,no
kw34hhw7xg-3/Cycled with Arbitrary Uses Profiles/#8/LR1865SZ_cycles210109_001_2.xlsx,11966652,532a821c4d75352ad419fd9e32ea0fdfb9a1934272ea1d75ff9d5bb6f73cfcc4,.xlsx,pandas_excel,9,1,1,arbitrary_use,false,false,no
kw34hhw7xg-3/Cycled with Arbitrary Uses Profiles/#8/LR1865SZ_first20cycle210105_001_2.xlsx,18342364,505e8bd171a463365a7242f7e0bc3376484c3f25bdda37485b8c1efff9661d42,.xlsx,pandas_excel,9,1,1,arbitrary_use,false,false,no
kw34hhw7xg-3/Cycled with Arbitrary Uses Profiles/#9/LR1865SZ_cycles210121_001_3.xlsx,17006279,f439df25080dd6d60c900f5a5988dca4940f17e12b61f4b05b3f889bd4ba864d,.xlsx,pandas_excel,9,1,1,arbitrary_use,false,false,no
kw34hhw7xg-3/Cycled with Arbitrary Uses Profiles/#9/LR1865SZ_first20cycle210117_001_3.xlsx,18198086,bb7af6721297710989c21f82258531d282a204d185fc7320b42803e6c64958ad,.xlsx,pandas_excel,9,1,1,arbitrary_use,false,false,no
kw34hhw7xg-3/Cycled with Fixed Current Profiles/#2/LR1865SZ_first20cycle201213_001_1.xlsx,17795649,79e62ab7085865b3a75ce746c71f3a6a9a3bb0127acf967099c214a8d39b8842,.xlsx,pandas_excel,9,1,1,fixed_profile,false,false,no
kw34hhw7xg-3/Cycled with Fixed Current Profiles/#22/LR1865SZ_cycle201214_002_1.xlsx,8366208,f7aae9dd4946ad2266c84839813df87ead9cac9b91e2831af0f09f3c8dae54b4,.xlsx,pandas_excel,9,1,1,fixed_profile,false,false,no
kw34hhw7xg-3/Cycled with Fixed Current Profiles/#22/LR1865SZ_first20cycle201210_002_1.xlsx,18641578,13206aebaa767b57c32f2b120cdaa84466d5d091f5568e6a1b5a531937ab402c,.xlsx,pandas_excel,9,1,1,fixed_profile,false,false,no
kw34hhw7xg-3/Cycled with Fixed Current Profiles/#23/LR1865SZ_cycles201226_002_1.xlsx,9045489,f0c5f7526c4bd5cd0f8060926137aa8049d1d93b391a85fb91bac61bd5aab56c,.xlsx,pandas_excel,9,1,1,fixed_profile,false,false,no
kw34hhw7xg-3/Cycled with Fixed Current Profiles/#23/LR1865SZ_first20cycle201222_002_1.xlsx,18503240,b77c8b233e90502bcd4c1269548a152dc15b6c95e78aac743114e3eee5ea7636,.xlsx,pandas_excel,9,1,1,fixed_profile,false,false,no
kw34hhw7xg-3/Cycled with Fixed Current Profiles/#26/LR1865SZ_cycle201214_002_2.xlsx,10355058,a390e60507baa20d32ed5e8e7dc10a42542de3122b0237faa8be4188e8de88cf,.xlsx,pandas_excel,9,1,1,fixed_profile,false,false,no
kw34hhw7xg-3/Cycled with Fixed Current Profiles/#26/LR1865SZ_first20cycle201210_002_2.xlsx,18400729,2b555e97a372283fc160d8d99f5d2ea4a4a1afc47e6e196329874fdb3bd3f971,.xlsx,pandas_excel,9,1,1,fixed_profile,false,false,no
kw34hhw7xg-3/Cycled with Fixed Current Profiles/#29/LR1865SZ_cycle201214_002_3.xlsx,7731284,b4d3ff06757e84f03ae0fb6207a07588eedadd74b245a1a48c2da9180ee3ff29,.xlsx,pandas_excel,9,1,1,fixed_profile,false,false,no
kw34hhw7xg-3/Cycled with Fixed Current Profiles/#29/LR1865SZ_first20cycle201210_002_3.xlsx,18117131,aceaf91e9470a257a3f600eb4dc083fec41fe8fa20db34b5235699d7c45006d9,.xlsx,pandas_excel,9,1,1,fixed_profile,false,false,no
kw34hhw7xg-3/Cycled with Fixed Current Profiles/#32/LR1865SZ_cycles201214_002_4.xlsx,12331348,2a6490251db71c98ddd95ce1bc2e28a6d2ca387923606d65099a0af890e651f6,.xlsx,pandas_excel,9,1,1,fixed_profile,false,false,no
kw34hhw7xg-3/Cycled with Fixed Current Profiles/#32/LR1865SZ_first20cycle201210_002_4.xlsx,18117321,b2c6f939bab08e0513fbd88abdaba4042ee94f4c20f086531fb103a820ca47ea,.xlsx,pandas_excel,9,1,1,fixed_profile,false,false,no
kw34hhw7xg-3/Cycled with Fixed Current Profiles/#35/LR1865SZ_cycles201214_002_5.xlsx,12087503,b3f8cc5aa67996a71c4870474dd78dc064f32bb66bf5601a8d9ddee1709e44a3,.xlsx,pandas_excel,9,1,1,fixed_profile,false,false,no
kw34hhw7xg-3/Cycled with Fixed Current Profiles/#35/LR1865SZ_first20cycle201210_002_5.xlsx,18172383,19fa92d84697bbb94f252f610a1728ee702e17d28d739bbd6615f2adf808ddf8,.xlsx,pandas_excel,9,1,1,fixed_profile,false,false,no
kw34hhw7xg-3/Cycled with Fixed Current Profiles/#38/LR1865SZ_cycles201214_002_6.xlsx,12570919,613c02bd384b7f70d605a5ea0365ab6a61095b9b8d53336da3c9e525128bb2eb,.xlsx,pandas_excel,9,1,1,fixed_profile,false,false,no
kw34hhw7xg-3/Cycled with Fixed Current Profiles/#38/LR1865SZ_first20cycle201210_002_6.xlsx,18829423,bb1195acab6077839a2fa190e1a0d480954c23a5e38f831ca7b10a921f28a9c1,.xlsx,pandas_excel,9,1,1,fixed_profile,false,false,no
kw34hhw7xg-3/Cycled with Fixed Current Profiles/#41/LR1865SZ_cycles201221_002_8.xlsx,12400189,fad8a8734fd40f464a22abd9b9096ab0d2694a58002b6725fc588a2309b17069,.xlsx,pandas_excel,9,1,1,fixed_profile,false,false,no
kw34hhw7xg-3/Cycled with Fixed Current Profiles/#41/LR1865SZ_first20cycle201217_002_8.xlsx,18346950,3c263d1506f2c35cf28dae5d4b79ab0253cfd027d022ddcee157c14a30c171c7,.xlsx,pandas_excel,9,1,1,fixed_profile,false,false,no
kw34hhw7xg-3/Cycled with Fixed Current Profiles/#44/LR1865SZ_cycles201003_003_5.xlsx,29000239,fd06820df1eff19c6310d1c3e46f14ed263cf05f45c7e58ba37975cbe5804382,.xlsx,pandas_excel,9,1,1,fixed_profile,false,false,no
kw34hhw7xg-3/Cycled with Fixed Current Profiles/#44/LR1865SZ_first20cycle200927_003_5.xlsx,18214239,66f30cf0660261f183370078b614aabcc437bae7a7d4f61cce566d6fab038092,.xlsx,pandas_excel,9,1,1,fixed_profile,false,false,no
kw34hhw7xg-3/Cycled with Fixed Current Profiles/#45/LR1865SZ_cycles201221_003_5.xlsx,14698473,26af67c37601703b50b8df0d92acbbe3efb7c6b01ed2302e845f20827b7ff993,.xlsx,pandas_excel,9,1,1,fixed_profile,false,false,no
kw34hhw7xg-3/Cycled with Fixed Current Profiles/#45/LR1865SZ_first20cycle201217_003_5.xlsx,18151886,52c249c45c9e05414168f5819d4fd32879b22f4931c746d79eca21b57824a717,.xlsx,pandas_excel,9,1,1,fixed_profile,false,false,no
kw34hhw7xg-3/Cycled with Fixed Current Profiles/#48/LR1865SZ_cycles201003_003_6.xlsx,29614964,369f8efa60bebc62531e08039cb300ce12e1a225391bc00f6ad47ae67bb69dc4,.xlsx,pandas_excel,9,1,1,fixed_profile,false,false,no
kw34hhw7xg-3/Cycled with Fixed Current Profiles/#48/LR1865SZ_first20cycle200927_003_6.xlsx,18067385,ca0bf1b3a0a908c622c49c3318e6565e08aff28355a75c3004b4ef32ab8fe807,.xlsx,pandas_excel,9,1,1,fixed_profile,false,false,no
kw34hhw7xg-3/Cycled with Fixed Current Profiles/#49/LR1865SZ_cycles201221_003_6.xlsx,14630557,6f04d92d22b4025ceeffd5eefcca15cd58987fed89a221ba842430a4627cb57f,.xlsx,pandas_excel,9,1,1,fixed_profile,false,false,no
kw34hhw7xg-3/Cycled with Fixed Current Profiles/#49/LR1865SZ_first20cycle201217_003_6.xlsx,18202645,f03479409d4f5a2067240063ba2cb0664647e11c3a947231ecaace20f8ffa6a7,.xlsx,pandas_excel,9,1,1,fixed_profile,false,false,no
kw34hhw7xg-3/Cycled with Fixed Current Profiles/#52/LR1865SZ_cycles201003_003_7.xlsx,38727583,16d3d6c29c3e43d39dae4a3501d6667832049e7659bf29914089700e2b3caedc,.xlsx,pandas_excel,9,1,1,fixed_profile,false,false,no
kw34hhw7xg-3/Cycled with Fixed Current Profiles/#52/LR1865SZ_first20cycle200927_003_7.xlsx,18597055,e06433e862da257528ecb2b90f7414893d0b019206eb13c2587ddab1b54bf5b4,.xlsx,pandas_excel,9,1,1,fixed_profile,false,false,no
kw34hhw7xg-3/Cycled with Fixed Current Profiles/#53/LR1865SZ_cycles201221_003_7.xlsx,13726002,cb2f033a2f11f3162d4d9569839ca4a31332c826a470e2bc76f37fc522555774,.xlsx,pandas_excel,9,1,1,fixed_profile,false,false,no
kw34hhw7xg-3/Cycled with Fixed Current Profiles/#53/LR1865SZ_first20cycle201217_003_7.xlsx,18544115,1d85909252db41313aa76da7b9bda667addcdfdbe42b1e3418c705d950d47753,.xlsx,pandas_excel,9,1,1,fixed_profile,false,false,no
kw34hhw7xg-3/Cycled with Fixed Current Profiles/#57/LR1865SZ_cycles201003_003_8.xlsx,38800325,026e87ff255e8b330b7fe44f08ccd4fe2f792dcacfcd2d54df898bfffceb5d82,.xlsx,pandas_excel,9,1,1,fixed_profile,false,false,no
kw34hhw7xg-3/Cycled with Fixed Current Profiles/#57/LR1865SZ_first20cycle200927_003_8.xlsx,18404162,8a6a12a1faeed9c0f36551591b66369cb81ff9e7a935bd5e7902864a32d5d438,.xlsx,pandas_excel,9,1,1,fixed_profile,false,false,no
kw34hhw7xg-3/Cycled with Fixed Current Profiles/#58/LR1865SZ_cycles201221_003_8.xlsx,11314962,64c9deb092c3d753d7eda0ac4e07ef2db6c7af22356d92da539b5917dfee525e,.xlsx,pandas_excel,9,1,1,fixed_profile,false,false,no
kw34hhw7xg-3/Cycled with Fixed Current Profiles/#58/LR1865SZ_first20cycle201217_003_8.xlsx,18227526,b795407c3d6a54b6ec3f48805564d24135af277d2012edced3036a68c454ba97,.xlsx,pandas_excel,9,1,1,fixed_profile,false,false,no
kw34hhw7xg-3/Cycled with Fixed Current Profiles/#6/LR1865SZ_cycles201217_001_2.xlsx,7536508,ecc9707183050678ba7682d0be5ded805151e6bd27323348fbe943129dd6fff7,.xlsx,pandas_excel,9,1,1,fixed_profile,false,false,no
kw34hhw7xg-3/Cycled with Fixed Current Profiles/#6/LR1865SZ_first20cycle201213_001_2.xlsx,18281608,d67dd84a897dc9a39630429493185bcff8f2c8f3d587e23eee262a9e7cffa5cc,.xlsx,pandas_excel,9,1,1,fixed_profile,false,false,no
