cell_id,cell_number,cohort,first20_member,later_member,boundary_time_order_pass,boundary_gap_seconds,first20_last_cycle,first20_last_cycle_rows,first20_last_cycle_fraction_of_prior_median,later_first_cycle,later_first_cycle_rows,later_first_cycle_fraction_of_middle_median,mapping_decision,later_cycle_offset,maximum_mapped_physical_cycle,physical_cycle_70_representable,physical_cycle_130_representable,physical_cycle_190_representable,decision_rule
BIT_#1,1,arbitrary_use,kw34hhw7xg-3/Cycled with Arbitrary Uses Profiles/#1/LR1865SZ_first20cycle210117_001_1.xlsx,kw34hhw7xg-3/Cycled with Arbitrary Uses Profiles/#1/LR1865SZ_cycles210121_001_1.xlsx,True,19584.0,21,10322,0.661179258879672,1,1717,0.7062937062937062,unresolved,,,False,False,False,boundary evidence did not satisfy the deterministic structural rule
BIT_#2,2,fixed_profile,kw34hhw7xg-3/Cycled with Fixed Current Profiles/#2/LR1865SZ_first20cycle201213_001_1.xlsx,,False,,21,9993,0.6467333268614698,,,,incomplete,,,False,False,False,missing_first20_or_later_workbook
BIT_#3,3,arbitrary_use,kw34hhw7xg-3/Cycled with Arbitrary Uses Profiles/#3/LR1865SZ_first20cycle201224_001_1.xlsx,kw34hhw7xg-3/Cycled with Arbitrary Uses Profiles/#3/LR1865SZ_cycles201228_001_1.xlsx,True,9889.0,21,10392,0.6633050360630625,1,1706,0.9368478857770456,unresolved,,,False,False,False,boundary evidence did not satisfy the deterministic structural rule
BIT_#4,4,arbitrary_use,kw34hhw7xg-3/Cycled with Arbitrary Uses Profiles/#4/LR1865SZ_first20cycle210105_001_1.xlsx,kw34hhw7xg-3/Cycled with Arbitrary Uses Profiles/#4/LR1865SZ_cycles210109_001_1.xlsx,True,11943.0,21,10301,0.6595383679610718,1,1734,0.9670942554378137,unresolved,,,False,False,False,boundary evidence did not satisfy the deterministic structural rule
BIT_#5,5,arbitrary_use,kw34hhw7xg-3/Cycled with Arbitrary Uses Profiles/#5/LR1865SZ_first20cycle210117_001_2.xlsx,kw34hhw7xg-3/Cycled with Arbitrary Uses Profiles/#5/LR1865SZ_cycles210121_001_2.xlsx,True,20604.0,21,10773,0.6687358391011515,1,1727,0.6946902654867256,unresolved,,,False,False,False,boundary evidence did not satisfy the deterministic structural rule
BIT_#6,6,fixed_profile,kw34hhw7xg-3/Cycled with Fixed Current Profiles/#6/LR1865SZ_first20cycle201213_001_2.xlsx,kw34hhw7xg-3/Cycled with Fixed Current Profiles/#6/LR1865SZ_cycles201217_001_2.xlsx,True,16366.0,21,10419,0.656914977459727,1,1726,1.5342222222222222,unresolved,,,False,False,False,boundary evidence did not satisfy the deterministic structural rule
BIT_#7,7,arbitrary_use,kw34hhw7xg-3/Cycled with Arbitrary Uses Profiles/#7/LR1865SZ_first20cycle201225_001_2.xlsx,kw34hhw7xg-3/Cycled with Arbitrary Uses Profiles/#7/LR1865SZ_cycles201229_001_2.xlsx,True,20268.0,21,10825,0.6690151725842836,1,1726,0.9599555061179088,unresolved,,,False,False,False,boundary evidence did not satisfy the deterministic structural rule
BIT_#8,8,arbitrary_use,kw34hhw7xg-3/Cycled with Arbitrary Uses Profiles/#8/LR1865SZ_first20cycle210105_001_2.xlsx,kw34hhw7xg-3/Cycled with Arbitrary Uses Profiles/#8/LR1865SZ_cycles210109_001_2.xlsx,True,6489.0,21,10636,0.6673778000878459,1,1721,1.0379975874547647,unresolved,,,False,False,False,boundary evidence did not satisfy the deterministic structural rule
BIT_#9,9,arbitrary_use,kw34hhw7xg-3/Cycled with Arbitrary Uses Profiles/#9/LR1865SZ_first20cycle210117_001_3.xlsx,kw34hhw7xg-3/Cycled with Arbitrary Uses Profiles/#9/LR1865SZ_cycles210121_001_3.xlsx,True,18682.0,21,10455,0.6682219097532915,1,1729,0.6861111111111111,unresolved,,,False,False,False,boundary evidence did not satisfy the deterministic structural rule
BIT_#11,11,arbitrary_use,kw34hhw7xg-3/Cycled with Arbitrary Uses Profiles/#11/LR1865SZ_first20cycle201225_001_3.xlsx,kw34hhw7xg-3/Cycled with Arbitrary Uses Profiles/#11/LR1865SZ_cycles201229_001_3.xlsx,True,26094.0,21,10669,0.6722323735114359,1,1725,0.9264232008592911,unresolved,,,False,False,False,boundary evidence did not satisfy the deterministic structural rule
BIT_#12,12,arbitrary_use,kw34hhw7xg-3/Cycled with Arbitrary Uses Profiles/#12/LR1865SZ_first20cycle210105_001_3.xlsx,kw34hhw7xg-3/Cycled with Arbitrary Uses Profiles/#12/LR1865SZ_cycles210109_001_3.xlsx,True,8083.0,21,10522,0.664729294333186,1,1724,0.9828962371721779,unresolved,,,False,False,False,boundary evidence did not satisfy the deterministic structural rule
BIT_#14,14,arbitrary_use,kw34hhw7xg-3/Cycled with Arbitrary Uses Profiles/#14/LR1865SZ_first20cycle201225_001_5.xlsx,kw34hhw7xg-3/Cycled with Arbitrary Uses Profiles/#14/LR1865SZ_cycles201229_001_5.xlsx,True,5175.0,21,10787,0.6639992613339079,1,1745,0.7378435517970402,unresolved,,,False,False,False,boundary evidence did not satisfy the deterministic structural rule
BIT_#15,15,arbitrary_use,kw34hhw7xg-3/Cycled with Arbitrary Uses Profiles/#15/LR1865SZ_first20cycle210106_001_5.xlsx,kw34hhw7xg-3/Cycled with Arbitrary Uses Profiles/#15/LR1865SZ_cycles210110_001_5.xlsx,True,5499.0,21,10807,0.672369812729422,1,1717,0.8984824699110413,unresolved,,,False,False,False,boundary evidence did not satisfy the deterministic structural rule
BIT_#17,17,arbitrary_use,kw34hhw7xg-3/Cycled with Arbitrary Uses Profiles/#17/LR1865SZ_first20cycle201225_001_6.xlsx,kw34hhw7xg-3/Cycled with Arbitrary Uses Profiles/#17/LR1865SZ_cycles201229_001_6.xlsx,True,23443.0,21,10595,0.6618565717141429,1,1731,0.738481228668942,unresolved,,,False,False,False,boundary evidence did not satisfy the deterministic structural rule
BIT_#18,18,arbitrary_use,kw34hhw7xg-3/Cycled with Arbitrary Uses Profiles/#18/LR1865SZ_first20cycle210106_001_6.xlsx,kw34hhw7xg-3/Cycled with Arbitrary Uses Profiles/#18/LR1865SZ_cycles210110_001_6.xlsx,True,8757.0,21,10716,0.6720812819467528,1,1738,0.9205508474576272,unresolved,,,False,False,False,boundary evidence did not satisfy the deterministic structural rule
BIT_#20,20,arbitrary_use,kw34hhw7xg-3/Cycled with Arbitrary Uses Profiles/#20/LR1865SZ_first20cycles201201_001_7.xlsx,kw34hhw7xg-3/Cycled with Arbitrary Uses Profiles/#20/LR1865SZ_cycles210103_001_7.xlsx,True,2514129.0,21,10725,0.6685992145128109,1,1713,0.5211439002129602,unresolved,,,False,False,False,boundary evidence did not satisfy the deterministic structural rule
BIT_#21,21,arbitrary_use,kw34hhw7xg-3/Cycled with Arbitrary Uses Profiles/#21/LR1865SZ_first20cycle210112_001_7.xlsx,kw34hhw7xg-3/Cycled with Arbitrary Uses Profiles/#21/LR1865SZ_cycles210116_001_7.xlsx,True,8764.0,21,10681,0.6703907108112349,1,1713,0.8372434017595308,unresolved,,,False,False,False,boundary evidence did not satisfy the deterministic structural rule
BIT_#22,22,fixed_profile,kw34hhw7xg-3/Cycled with Fixed Current Profiles/#22/LR1865SZ_first20cycle201210_002_1.xlsx,kw34hhw7xg-3/Cycled with Fixed Current Profiles/#22/LR1865SZ_cycle201214_002_1.xlsx,True,4830.0,21,10842,0.669569245020843,1,2305,2.0398230088495577,unresolved,,,False,False,False,boundary evidence did not satisfy the deterministic structural rule
BIT_#23,23,fixed_profile,kw34hhw7xg-3/Cycled with Fixed Current Profiles/#23/LR1865SZ_first20cycle201222_002_1.xlsx,kw34hhw7xg-3/Cycled with Fixed Current Profiles/#23/LR1865SZ_cycles201226_002_1.xlsx,True,17337.0,21,10726,0.6676834012885555,1,4069,3.7125912408759123,unresolved,,,False,False,False,boundary evidence did not satisfy the deterministic structural rule
BIT_#24,24,arbitrary_use,kw34hhw7xg-3/Cycled with Arbitrary Uses Profiles/#24/LR1865SZ_first20cycle210104_002_1.xlsx,kw34hhw7xg-3/Cycled with Arbitrary Uses Profiles/#24/LR1865SZ_cycles210108_002_1.xlsx,True,41464.0,21,10636,0.6673568627450981,1,1695,0.8033175355450237,unresolved,,,False,False,False,boundary evidence did not satisfy the deterministic structural rule
BIT_#25,25,arbitrary_use,kw34hhw7xg-3/Cycled with Arbitrary Uses Profiles/#25/LR1865SZ_first20cycle210116_002_2.xlsx,kw34hhw7xg-3/Cycled with Arbitrary Uses Profiles/#25/LR1865SZ_cycles210120_002_2.xlsx,True,24543.0,21,10600,0.6650354476441434,1,1675,0.6987901543596162,unresolved,,,False,False,False,boundary evidence did not satisfy the deterministic structural rule
BIT_#26,26,fixed_profile,kw34hhw7xg-3/Cycled with Fixed Current Profiles/#26/LR1865SZ_first20cycle201210_002_2.xlsx,kw34hhw7xg-3/Cycled with Fixed Current Profiles/#26/LR1865SZ_cycle201214_002_2.xlsx,True,11049.0,21,10689,0.6726237296668031,1,2259,2.107276119402985,unresolved,,,False,False,False,boundary evidence did not satisfy the deterministic structural rule
BIT_#27,27,arbitrary_use,kw34hhw7xg-3/Cycled with Arbitrary Uses Profiles/#27/LR1865SZ_first20cycle201222_002_2.xlsx,kw34hhw7xg-3/Cycled with Arbitrary Uses Profiles/#27/LR1865SZ_cycles201226_002_2.xlsx,True,23432.0,21,10615,0.6680932750102275,1,1713,0.7270797962648556,unresolved,,,False,False,False,boundary evidence did not satisfy the deterministic structural rule
BIT_#28,28,arbitrary_use,kw34hhw7xg-3/Cycled with Arbitrary Uses Profiles/#28/LR1865SZ_first20cycle210104_002_2.xlsx,kw34hhw7xg-3/Cycled with Arbitrary Uses Profiles/#28/LR1865SZ_cycles210108_002_2.xlsx,True,30044.0,21,10730,0.6676830216856974,1,1703,0.7961664329125759,unresolved,,,False,False,False,boundary evidence did not satisfy the deterministic structural rule
BIT_#29,29,fixed_profile,kw34hhw7xg-3/Cycled with Fixed Current Profiles/#29/LR1865SZ_first20cycle201210_002_3.xlsx,kw34hhw7xg-3/Cycled with Fixed Current Profiles/#29/LR1865SZ_cycle201214_002_3.xlsx,True,29998.0,21,10350,0.660202844932066,1,2257,2.02785265049416,unresolved,,,False,False,False,boundary evidence did not satisfy the deterministic structural rule
BIT_#30,30,arbitrary_use,kw34hhw7xg-3/Cycled with Arbitrary Uses Profiles/#30/LR1865SZ_first20cycle201222_002_3.xlsx,kw34hhw7xg-3/Cycled with Arbitrary Uses Profiles/#30/LR1865SZ_cycles201226_002_3.xlsx,True,25725.0,21,10464,0.6639172641329865,1,1715,0.7242398648648649,unresolved,,,False,False,False,boundary evidence did not satisfy the deterministic structural rule
BIT_#31,31,arbitrary_use,kw34hhw7xg-3/Cycled with Arbitrary Uses Profiles/#31/LR1865SZ_first20cycle210103_002_3.xlsx,kw34hhw7xg-3/Cycled with Arbitrary Uses Profiles/#31/LR1865SZ_cycles210107_002_3.xlsx,True,3421.0,21,10317,0.6582448081156091,1,1692,0.8162083936324168,unresolved,,,False,False,False,boundary evidence did not satisfy the deterministic structural rule
BIT_#32,32,fixed_profile,kw34hhw7xg-3/Cycled with Fixed Current Profiles/#32/LR1865SZ_first20cycle201210_002_4.xlsx,kw34hhw7xg-3/Cycled with Fixed Current Profiles/#32/LR1865SZ_cycles201214_002_4.xlsx,True,28228.0,21,10517,0.6675764885108544,1,2258,1.2139784946236558,unresolved,,,False,False,False,boundary evidence did not satisfy the deterministic structural rule
BIT_#33,33,arbitrary_use,kw34hhw7xg-3/Cycled with Arbitrary Uses Profiles/#33/LR1865SZ_first20cycle201229_002_4.xlsx,kw34hhw7xg-3/Cycled with Arbitrary Uses Profiles/#33/LR1865SZ_cycles210102_002_4.xlsx,True,26324.0,21,10468,0.6642974996827008,1,1696,0.8193236714975846,unresolved,,,False,False,False,boundary evidence did not satisfy the deterministic structural rule
BIT_#34,34,arbitrary_use,kw34hhw7xg-3/Cycled with Arbitrary Uses Profiles/#34/LR1865SZ_first20cycle210111_002_4.xlsx,kw34hhw7xg-3/Cycled with Arbitrary Uses Profiles/#34/LR1865SZ_cycles210115_002_4.xlsx,True,17365.0,21,10380,0.6616943966341556,1,1672,0.6929133858267716,unresolved,,,False,False,False,boundary evidence did not satisfy the deterministic structural rule
BIT_#35,35,fixed_profile,kw34hhw7xg-3/Cycled with Fixed Current Profiles/#35/LR1865SZ_first20cycle201210_002_5.xlsx,kw34hhw7xg-3/Cycled with Fixed Current Profiles/#35/LR1865SZ_cycles201214_002_5.xlsx,True,29753.0,21,10376,0.6614183266932271,1,2255,1.25,unresolved,,,False,False,False,boundary evidence did not satisfy the deterministic structural rule
BIT_#36,36,arbitrary_use,kw34hhw7xg-3/Cycled with Arbitrary Uses Profiles/#36/LR1865SZ_first20cycle201229_002_5.xlsx,kw34hhw7xg-3/Cycled with Arbitrary Uses Profiles/#36/LR1865SZ_cycles210102_002_5.xlsx,True,11385.0,21,10422,0.6609169890291078,1,1684,0.8378109452736319,unresolved,,,False,False,False,boundary evidence did not satisfy the deterministic structural rule
BIT_#37,37,arbitrary_use,kw34hhw7xg-3/Cycled with Arbitrary Uses Profiles/#37/LR1865SZ_first20cycle210111_002_5.xlsx,kw34hhw7xg-3/Cycled with Arbitrary Uses Profiles/#37/LR1865SZ_cycles210115_002_5.xlsx,True,21448.0,21,10207,0.6602626301830649,1,1677,0.675392670157068,unresolved,,,False,False,False,boundary evidence did not satisfy the deterministic structural rule
BIT_#38,38,fixed_profile,kw34hhw7xg-3/Cycled with Fixed Current Profiles/#38/LR1865SZ_first20cycle201210_002_6.xlsx,kw34hhw7xg-3/Cycled with Fixed Current Profiles/#38/LR1865SZ_cycles201214_002_6.xlsx,True,17299.0,21,10960,0.6719185850473592,1,2278,1.2014767932489452,unresolved,,,False,False,False,boundary evidence did not satisfy the deterministic structural rule
BIT_#39,39,arbitrary_use,kw34hhw7xg-3/Cycled with Arbitrary Uses Profiles/#39/LR1865SZ_first20cycle201230_002_6.xlsx,kw34hhw7xg-3/Cycled with Arbitrary Uses Profiles/#39/LR1865SZ_cycles210103_002_6.xlsx,True,19323.0,21,10859,0.6714484464368526,1,1682,0.8603580562659846,unresolved,,,False,False,False,boundary evidence did not satisfy the deterministic structural rule
BIT_#40,40,arbitrary_use,kw34hhw7xg-3/Cycled with Arbitrary Uses Profiles/#40/LR1865SZ_first20cycle210111_002_6.xlsx,kw34hhw7xg-3/Cycled with Arbitrary Uses Profiles/#40/LR1865SZ_cycles210115_002_6.xlsx,True,24593.0,21,10570,0.6615346100888722,1,1686,0.6735916899720336,unresolved,,,False,False,False,boundary evidence did not satisfy the deterministic structural rule
BIT_#41,41,fixed_profile,kw34hhw7xg-3/Cycled with Fixed Current Profiles/#41/LR1865SZ_first20cycle201217_002_8.xlsx,kw34hhw7xg-3/Cycled with Fixed Current Profiles/#41/LR1865SZ_cycles201221_002_8.xlsx,True,50022.0,21,10441,0.6623108883884677,1,1712,0.8629032258064516,unresolved,,,False,False,False,boundary evidence did not satisfy the deterministic structural rule
BIT_#42,42,arbitrary_use,kw34hhw7xg-3/Cycled with Arbitrary Uses Profiles/#42/LR1865SZ_first20cycle201229_002_8.xlsx,kw34hhw7xg-3/Cycled with Arbitrary Uses Profiles/#42/LR1865SZ_cycles210102_002_8.xlsx,True,26357.0,21,10448,0.6625657936457606,1,1725,0.47234392113910184,unresolved,,,False,False,False,boundary evidence did not satisfy the deterministic structural rule
BIT_#43,43,arbitrary_use,kw34hhw7xg-3/Cycled with Arbitrary Uses Profiles/#43/LR1865SZ_first20cycle210111_002_8.xlsx,kw34hhw7xg-3/Cycled with Arbitrary Uses Profiles/#43/LR1865SZ_cycles210115_002_8.xlsx,True,9860.0,21,10339,0.6567989073468221,1,1715,0.9240301724137931,unresolved,,,False,False,False,boundary evidence did not satisfy the deterministic structural rule
BIT_#44,44,fixed_profile,kw34hhw7xg-3/Cycled with Fixed Current Profiles/#44/LR1865SZ_first20cycle200927_003_5.xlsx,kw34hhw7xg-3/Cycled with Fixed Current Profiles/#44/LR1865SZ_cycles201003_003_5.xlsx,True,8902.0,21,10518,0.6682974870540395,1,2289,0.48138801261829656,unresolved,,,False,False,False,boundary evidence did not satisfy the deterministic structural rule
BIT_#45,45,fixed_profile,kw34hhw7xg-3/Cycled with Fixed Current Profiles/#45/LR1865SZ_first20cycle201217_003_5.xlsx,kw34hhw7xg-3/Cycled with Fixed Current Profiles/#45/LR1865SZ_cycles201221_003_5.xlsx,True,51863.0,21,10209,0.6560632350106035,1,4003,1.9422610383309074,unresolved,,,False,False,False,boundary evidence did not satisfy the deterministic structural rule
BIT_#46,46,arbitrary_use,kw34hhw7xg-3/Cycled with Arbitrary Uses Profiles/#46/LR1865SZ_first20cycle201229_003_5.xlsx,kw34hhw7xg-3/Cycled with Arbitrary Uses Profiles/#46/LR1865SZ_cycles210102_003_5.xlsx,True,9603.0,21,10381,0.65640214985773,1,1691,0.7183517417162277,unresolved,,,False,False,False,boundary evidence did not satisfy the deterministic structural rule
BIT_#47,47,arbitrary_use,kw34hhw7xg-3/Cycled with Arbitrary Uses Profiles/#47/LR1865SZ_first20cycle210111_003_5.xlsx,kw34hhw7xg-3/Cycled with Arbitrary Uses Profiles/#47/LR1865SZ_cycles210115_003_5.xlsx,True,30693.0,21,10341,0.66011298713734,1,1653,0.9632867132867133,unresolved,,,False,False,False,boundary evidence did not satisfy the deterministic structural rule
BIT_#48,48,fixed_profile,kw34hhw7xg-3/Cycled with Fixed Current Profiles/#48/LR1865SZ_first20cycle200927_003_6.xlsx,kw34hhw7xg-3/Cycled with Fixed Current Profiles/#48/LR1865SZ_cycles201003_003_6.xlsx,True,11026.0,21,10379,0.6640647493521866,1,2304,0.474366893143916,unresolved,,,False,False,False,boundary evidence did not satisfy the deterministic structural rule
BIT_#49,49,fixed_profile,kw34hhw7xg-3/Cycled with Fixed Current Profiles/#49/LR1865SZ_first20cycle201217_003_6.xlsx,kw34hhw7xg-3/Cycled with Fixed Current Profiles/#49/LR1865SZ_cycles201221_003_6.xlsx,True,52275.0,21,10306,0.659457384182237,1,4038,1.994074074074074,unresolved,,,False,False,False,boundary evidence did not satisfy the deterministic structural rule
BIT_#50,50,arbitrary_use,kw34hhw7xg-3/Cycled with Arbitrary Uses Profiles/#50/LR1865SZ_first20cycle201229_003_6.xlsx,kw34hhw7xg-3/Cycled with Arbitrary Uses Profiles/#50/LR1865SZ_cycles210102_003_6.xlsx,True,14775.0,21,10324,0.6615828260173021,1,1702,0.7071042791857084,unresolved,,,False,False,False,boundary evidence did not satisfy the deterministic structural rule
BIT_#51,51,arbitrary_use,kw34hhw7xg-3/Cycled with Arbitrary Uses Profiles/#51/LR1865SZ_first20cycle210111_003_6.xlsx,kw34hhw7xg-3/Cycled with Arbitrary Uses Profiles/#51/LR1865SZ_cycles210115_003_6.xlsx,True,32364.0,21,10357,0.6644426623897354,1,1678,0.9616045845272206,unresolved,,,False,False,False,boundary evidence did not satisfy the deterministic structural rule
BIT_#52,52,fixed_profile,kw34hhw7xg-3/Cycled with Fixed Current Profiles/#52/LR1865SZ_first20cycle200927_003_7.xlsx,kw34hhw7xg-3/Cycled with Fixed Current Profiles/#52/LR1865SZ_cycles201003_003_7.xlsx,True,17890.0,21,10700,0.6667705250038947,1,4092,0.6390754333905981,unresolved,,,False,False,False,boundary evidence did not satisfy the deterministic structural rule
BIT_#53,53,fixed_profile,kw34hhw7xg-3/Cycled with Fixed Current Profiles/#53/LR1865SZ_first20cycle201217_003_7.xlsx,kw34hhw7xg-3/Cycled with Fixed Current Profiles/#53/LR1865SZ_cycles201221_003_7.xlsx,True,12682.0,21,10616,0.6658304064224787,1,4083,2.2771890686001117,unresolved,,,False,False,False,boundary evidence did not satisfy the deterministic structural rule
BIT_#54,54,arbitrary_use,kw34hhw7xg-3/Cycled with Arbitrary Uses Profiles/#54/LR1865SZ_first20cycle201230_003_7.xlsx,kw34hhw7xg-3/Cycled with Arbitrary Uses Profiles/#54/LR1865SZ_cycles210103_003_7.xlsx,True,9368.0,21,10584,0.6629502035703101,1,1707,0.7036273701566365,unresolved,,,False,False,False,boundary evidence did not satisfy the deterministic structural rule
BIT_#55,55,arbitrary_use,kw34hhw7xg-3/Cycled with Arbitrary Uses Profiles/#55/LR1865SZ_first20cycle210111_003_7.xlsx,kw34hhw7xg-3/Cycled with Arbitrary Uses Profiles/#55/LR1865SZ_cycles210115_003_7.xlsx,True,10573.0,21,10399,0.6623988789094847,1,1682,0.814922480620155,unresolved,,,False,False,False,boundary evidence did not satisfy the deterministic structural rule
BIT_#56,56,arbitrary_use,kw34hhw7xg-3/Cycled with Arbitrary Uses Profiles/#56/LR1865SZ_first20cycle210111_003_8.xlsx,kw34hhw7xg-3/Cycled with Arbitrary Uses Profiles/#56/LR1865SZ_cycles210115_003_8.xlsx,True,3042.0,21,10161,0.6510331571359923,1,1694,0.8491228070175438,unresolved,,,False,False,False,boundary evidence did not satisfy the deterministic structural rule
BIT_#57,57,fixed_profile,kw34hhw7xg-3/Cycled with Fixed Current Profiles/#57/LR1865SZ_first20cycle200927_003_8.xlsx,kw34hhw7xg-3/Cycled with Fixed Current Profiles/#57/LR1865SZ_cycles201003_003_8.xlsx,True,5987.0,21,10520,0.6624893730910922,1,4083,0.6405710699717603,unresolved,,,False,False,False,boundary evidence did not satisfy the deterministic structural rule
BIT_#58,58,fixed_profile,kw34hhw7xg-3/Cycled with Fixed Current Profiles/#58/LR1865SZ_first20cycle201217_003_8.xlsx,kw34hhw7xg-3/Cycled with Fixed Current Profiles/#58/LR1865SZ_cycles201221_003_8.xlsx,True,50931.0,21,10402,0.6618521935545446,1,1694,0.9691075514874142,unresolved,,,False,False,False,boundary evidence did not satisfy the deterministic structural rule
BIT_#59,59,arbitrary_use,kw34hhw7xg-3/Cycled with Arbitrary Uses Profiles/#59/LR1865SZ_first20cycle201229_003_8.xlsx,kw34hhw7xg-3/Cycled with Arbitrary Uses Profiles/#59/LR1865SZ_cycles210102_003_8.xlsx,True,16249.0,21,10252,0.6615260525891273,1,1692,0.5100994874886946,unresolved,,,False,False,False,boundary evidence did not satisfy the deterministic structural rule
BIT_#60,60,arbitrary_use,kw34hhw7xg-3/Cycled with Arbitrary Uses Profiles/#60/LR1865SZ_first20cycle210118_001_5.xlsx,kw34hhw7xg-3/Cycled with Arbitrary Uses Profiles/#60/LR1865SZ_cycles210122_001_5.xlsx,True,23355.0,21,10383,0.6556372935939128,1,1724,0.9482948294829483,unresolved,,,False,False,False,boundary evidence did not satisfy the deterministic structural rule
BIT_#61,61,arbitrary_use,kw34hhw7xg-3/Cycled with Arbitrary Uses Profiles/#61/LR1865SZ_first20cycle210118_001_6.xlsx,kw34hhw7xg-3/Cycled with Arbitrary Uses Profiles/#61/LR1865SZ_cycles210122_001_6.xlsx,True,24022.0,21,10414,0.6561033233580091,1,1742,0.956617243272927,unresolved,,,False,False,False,boundary evidence did not satisfy the deterministic structural rule
BIT_#62,62,arbitrary_use,kw34hhw7xg-3/Cycled with Arbitrary Uses Profiles/#62/LR1865SZ_first20cycle210121_001_7.xlsx,kw34hhw7xg-3/Cycled with Arbitrary Uses Profiles/#62/LR1865SZ_cycles210125_001_7.xlsx,True,5737.0,21,9982,0.6551588343397217,1,1689,0.7604682575416479,unresolved,,,False,False,False,boundary evidence did not satisfy the deterministic structural rule
BIT_#63,63,arbitrary_use,kw34hhw7xg-3/Cycled with Arbitrary Uses Profiles/#63/LR1865SZ_first20cycle210120_002_4.xlsx,kw34hhw7xg-3/Cycled with Arbitrary Uses Profiles/#63/LR1865SZ_cycles210124_002_4.xlsx,True,16028.0,21,10524,0.6616579170727107,1,1636,0.7226148409893993,unresolved,,,False,False,False,boundary evidence did not satisfy the deterministic structural rule
BIT_#64,64,arbitrary_use,kw34hhw7xg-3/Cycled with Arbitrary Uses Profiles/#64/LR1865SZ_first20cycle210120_002_5.xlsx,kw34hhw7xg-3/Cycled with Arbitrary Uses Profiles/#64/LR1865SZ_cycles210124_002_5.xlsx,True,17964.0,21,10400,0.6581237146021199,1,1674,0.6771844660194175,unresolved,,,False,False,False,boundary evidence did not satisfy the deterministic structural rule
BIT_#65,65,arbitrary_use,kw34hhw7xg-3/Cycled with Arbitrary Uses Profiles/#65/LR1865SZ_first20cycle210121_002_6.xlsx,kw34hhw7xg-3/Cycled with Arbitrary Uses Profiles/#65/LR1865SZ_cycles210125_002_6.xlsx,True,6798.0,21,10879,0.6736640039630937,1,1672,0.791292001893043,unresolved,,,False,False,False,boundary evidence did not satisfy the deterministic structural rule
BIT_#66,66,arbitrary_use,kw34hhw7xg-3/Cycled with Arbitrary Uses Profiles/#66/LR1865SZ_first20cycle210120_002_8.xlsx,kw34hhw7xg-3/Cycled with Arbitrary Uses Profiles/#66/LR1865SZ_cycles210124_002_8.xlsx,True,18365.0,21,10414,0.659364315562872,1,1704,0.8129770992366412,unresolved,,,False,False,False,boundary evidence did not satisfy the deterministic structural rule
BIT_#67,67,arbitrary_use,kw34hhw7xg-3/Cycled with Arbitrary Uses Profiles/#67/LR1865SZ_first20cycle210120_003_5.xlsx,kw34hhw7xg-3/Cycled with Arbitrary Uses Profiles/#67/LR1865SZ_cycles210124_003_5.xlsx,True,46606.0,21,10311,0.6580929282614245,1,1669,0.5375201288244766,unresolved,,,False,False,False,boundary evidence did not satisfy the deterministic structural rule
BIT_#68,68,arbitrary_use,kw34hhw7xg-3/Cycled with Arbitrary Uses Profiles/#68/LR1865SZ_first20cycle210120_003_7.xlsx,kw34hhw7xg-3/Cycled with Arbitrary Uses Profiles/#68/LR1865SZ_cycles210124_003_7.xlsx,True,17265.0,21,10374,0.6557522123893805,1,1687,0.8233284529038556,unresolved,,,False,False,False,boundary evidence did not satisfy the deterministic structural rule
BIT_#69,69,arbitrary_use,kw34hhw7xg-3/Cycled with Arbitrary Uses Profiles/#69/LR1865SZ_first20cycle210120_003_8.xlsx,kw34hhw7xg-3/Cycled with Arbitrary Uses Profiles/#69/LR1865SZ_cycles210124_003_8.xlsx,True,49767.0,21,10235,0.659705436849399,1,1683,0.53125,unresolved,,,False,False,False,boundary evidence did not satisfy the deterministic structural rule
BIT_#70,70,arbitrary_use,kw34hhw7xg-3/Cycled with Arbitrary Uses Profiles/#70/LR1865SZ_first20cycle210122_004_1.xlsx,kw34hhw7xg-3/Cycled with Arbitrary Uses Profiles/#70/LR1865SZ_cycles210126_004_1.xlsx,True,4673.0,21,9931,0.6560745193895752,1,1696,0.726649528706084,unresolved,,,False,False,False,boundary evidence did not satisfy the deterministic structural rule
BIT_#71,71,arbitrary_use,kw34hhw7xg-3/Cycled with Arbitrary Uses Profiles/#71/LR1865SZ_first20cycle210122_004_2.xlsx,kw34hhw7xg-3/Cycled with Arbitrary Uses Profiles/#71/LR1865SZ_cycles210126_004_2.xlsx,True,3498.0,21,9975,0.6572661680888215,1,1710,0.7206068268015171,unresolved,,,False,False,False,boundary evidence did not satisfy the deterministic structural rule
BIT_#72,72,arbitrary_use,kw34hhw7xg-3/Cycled with Arbitrary Uses Profiles/#72/LR1865SZ_first20cycle210122_004_3.xlsx,kw34hhw7xg-3/Cycled with Arbitrary Uses Profiles/#72/LR1865SZ_cycles210126_004_3.xlsx,True,3080.0,21,9968,0.6555522672717109,1,1700,0.7176023638666104,unresolved,,,False,False,False,boundary evidence did not satisfy the deterministic structural rule
BIT_#73,73,arbitrary_use,kw34hhw7xg-3/Cycled with Arbitrary Uses Profiles/#73/LR1865SZ_first20cycle210122_004_4.xlsx,kw34hhw7xg-3/Cycled with Arbitrary Uses Profiles/#73/LR1865SZ_cycles210126_004_4.xlsx,True,28848.0,21,10147,0.6607840583485283,1,1661,0.7333333333333333,unresolved,,,False,False,False,boundary evidence did not satisfy the deterministic structural rule
BIT_#74,74,arbitrary_use,kw34hhw7xg-3/Cycled with Arbitrary Uses Profiles/#74/LR1865SZ_first20cycle210122_004_5.xlsx,kw34hhw7xg-3/Cycled with Arbitrary Uses Profiles/#74/LR1865SZ_cycles210126_004_5.xlsx,True,3476.0,21,9890,0.6534090909090909,1,1701,0.7539893617021277,unresolved,,,False,False,False,boundary evidence did not satisfy the deterministic structural rule
BIT_#75,75,arbitrary_use,kw34hhw7xg-3/Cycled with Arbitrary Uses Profiles/#75/LR1865SZ_first20cycle210122_004_6.xlsx,kw34hhw7xg-3/Cycled with Arbitrary Uses Profiles/#75/LR1865SZ_cycles210126_004_6.xlsx,True,20520.0,21,10787,0.6895295320889798,1,1695,0.7344020797227037,unresolved,,,False,False,False,boundary evidence did not satisfy the deterministic structural rule
BIT_#76,76,arbitrary_use,kw34hhw7xg-3/Cycled with Arbitrary Uses Profiles/#76/LR1865SZ_first20cycle210122_005_5.xlsx,kw34hhw7xg-3/Cycled with Arbitrary Uses Profiles/#76/LR1865SZ_cycles210126_005_5.xlsx,True,669.0,21,10111,0.6597285658358345,1,1679,0.7452285841100754,unresolved,,,False,False,False,boundary evidence did not satisfy the deterministic structural rule
BIT_#77,77,arbitrary_use,kw34hhw7xg-3/Cycled with Arbitrary Uses Profiles/#77/LR1865SZ_first20cycle210122_005_6.xlsx,kw34hhw7xg-3/Cycled with Arbitrary Uses Profiles/#77/LR1865SZ_cycles210126_005_6.xlsx,True,27369.0,21,10186,0.6586059743954481,1,1668,0.8501529051987767,unresolved,,,False,False,False,boundary evidence did not satisfy the deterministic structural rule
