domain,historical_protocol,seed,test_battery,cutoff,Qref_Ah,replay_origins,R_TRAIL_Lite,R_TRAIL_full,chosen_candidate,effective_model,alpha,Local_SOH_RMSE,Lite_SOH_RMSE,Full_SOH_RMSE,Policy_SOH_RMSE,Local_RMSE_Ah,Lite_RMSE_Ah,Full_RMSE_Ah,Policy_RMSE_Ah,Policy_MAE_Ah,complexity_adopted,policy_worse_than_local,chosen_candidate_worse_than_local,policy_error_growth_slope_SOH,policy_max_abs_error_SOH,chosen_mean_replay_SOH_RMSE,chosen_worst_replay_SOH_RMSE,chosen_replay_SOH_RMSE_MAD,chosen_worst_replay_error_growth_slope_SOH,chosen_worst_replay_max_abs_error_SOH
NASA,EXP27_NASA,42,B0005,50,1.8460546215871638,"[20, 30, 40]",-0.11440942695791302,-1.9459418724585817,TRAIL_Lite,Local_linear_anchor,0.0,0.17019323757958016,0.08138318368099802,0.04586242861211635,0.17019323757958016,0.31418601279666614,0.15023780235378345,0.08466454829660876,0.31418601279666614,0.2811430746150558,0,0,0,0.25756058427038797,0.25712985410121797,0.007487478941021195,0.009861000338856455,0.0014499222761215997,0.011375347789024827,0.017313132400332915
NASA,EXP27_NASA,42,B0005,70,1.8460546215871638,"[28, 42, 56]",-0.09959265033629834,-0.20824774109278382,TRAIL_Lite,Local_linear_anchor,0.0,0.0812904231279747,0.07579309482605769,0.051190633360795115,0.0812904231279747,0.15006656130617377,0.13991819298803795,0.09450070529766987,0.15006656130617377,0.12119691546404063,0,0,0,0.16241790018234395,0.16395357719297385,0.011123951651262122,0.011566323744464431,0.00020944065437193682,0.018740428696034865,0.029489633808987052
NASA,EXP27_NASA,42,B0005,90,1.8460546215871638,"[36, 54, 72]",-1.987759610907929,-1.0854666768503856,TRAIL_full,Local_linear_anchor,0.0,0.031645022184526604,0.04489433871463311,0.02986518641786207,0.031645022184526604,0.05841843945397366,0.08287740146724798,0.05513276541125647,0.05841843945397366,0.05308284921772183,0,0,0,0.04149018581014605,0.04611016983417176,0.02126534305433303,0.02900079016024071,0.004369766260034689,0.06021631400620093,0.062210778689533126
NASA,EXP27_NASA,42,B0006,50,2.0246014027941577,"[20, 30, 40]",0.06815063518872032,-0.8128503119448364,TRAIL_Lite,TRAIL_Lite,0.06815063518872032,0.28474270456115025,0.09641023560636526,0.08664204126033079,0.27179608760831153,0.5764904790899072,0.19519229825236237,0.17541559827661501,0.5502787402457513,0.4963029517617457,1,0,0,0.3998989513665388,0.4482703191138076,0.018250920171110338,0.020364125693501465,0.0002856158848444264,0.04107648809605655,0.04255765579607378
NASA,EXP27_NASA,42,B0006,70,2.0246014027941577,"[28, 42, 56]",-0.6210815575862626,-0.8440563237468202,TRAIL_Lite,Local_linear_anchor,0.0,0.1635219825841164,0.021000800586940403,0.028474955537467084,0.1635219825841164,0.3310668353274839,0.04251825032811991,0.05765043492565713,0.3310668353274839,0.2859114125492043,0,0,0,0.28140026668839596,0.26976689041502083,0.02073313963756671,0.03882249274199969,0.000978092892311275,0.02620588639002358,0.05860991555677289
NASA,EXP27_NASA,42,B0006,90,2.0246014027941577,"[36, 54, 72]",0.21370339989768497,0.30356777115553,TRAIL_full,TRAIL_full,0.30356777115553,0.09225950012988869,0.022445692106112344,0.038269202878564675,0.07571286609853334,0.18678871338406042,0.0454435797247208,0.07747988183175626,0.15328837491265682,0.12860277677448306,1,0,0,0.13866616872466633,0.14620839927715024,0.029550994424984312,0.04738724689442324,0.011478070532270918,0.057047704333136565,0.06602781293086463
NASA,EXP27_NASA,42,B0007,50,1.8841173315929292,"[20, 30, 40]",-0.752454433732713,-1.1343458093914505,TRAIL_Lite,Local_linear_anchor,0.0,0.08978890960472717,0.010535497268070416,0.034386658113861684,0.08978890960472717,0.1691728407710973,0.019850112999721427,0.06478849852788743,0.1691728407710973,0.1558112080538772,0,0,0,0.11514221031998699,0.12810338370522306,0.007849275626232369,0.009328944872645014,0.0011527483211003177,0.012031902762589808,0.015727497190449014
NASA,EXP27_NASA,42,B0007,70,1.8841173315929292,"[28, 42, 56]",0.14224777715195822,0.2585184962189838,TRAIL_full,TRAIL_full,0.2585184962189838,0.0809489323370706,0.011763711780347868,0.034087283056783525,0.06859444147429772,0.15251728639021803,0.02216421324921733,0.06422444079419984,0.12923997603266116,0.1084599454203853,1,0,0,0.12725197845484737,0.12580172914550464,0.006572761316269625,0.00958619197784733,0.0018007981836276757,0.010343247469746715,0.016120064371782917
NASA,EXP27_NASA,42,B0007,90,1.8841173315929292,"[36, 54, 72]",0.45056160409673085,0.07471752119580612,TRAIL_Lite,TRAIL_Lite,0.45056160409673085,0.06920822843037658,0.02229484115057222,0.03377145279929767,0.029340949540966638,0.130396422674515,0.04200609661690436,0.06362937953222929,0.05528179155552884,0.0453148295609243,1,0,0,0.05632214587069407,0.05594278675031058,0.005191104498449746,0.006925798242442142,0.0015609926750444134,0.0058335375826808426,0.01186197839098922
NASA,EXP27_NASA,42,B0018,50,1.845933964978541,"[20, 30, 40]",-0.763698819755218,-0.6455630481842072,TRAIL_full,Local_linear_anchor,0.0,0.2897604907174693,0.055612405465991735,0.022902189678905838,0.2897604907174693,0.5348787315242258,0.10265682812383241,0.04227592980067327,0.5348787315242258,0.4766608362556377,0,0,0,0.44537270631446313,0.46119162938926117,0.02984668047282854,0.04460891841902733,0.006010565343249525,0.024136780246897218,0.07061393671031
NASA,EXP27_NASA,42,B0018,70,1.845933964978541,"[28, 42, 56]",-2.464112398563124,-1.3804886987399665,TRAIL_full,Local_linear_anchor,0.0,0.12792554361713146,0.011074205241419763,0.02294958105560311,0.12792554361713146,0.23614210595120674,0.02044225159028012,0.04236341115256585,0.23614210595120674,0.19771997927239515,0,0,0,0.23607860292093913,0.22745458301192506,0.02058390318088461,0.024932237712217867,0.00309188203825915,0.01930013569259517,0.050267388238017414
NASA,EXP27_NASA,42,B0018,90,1.845933964978541,"[36, 54, 72]",-4.914971150121727,-1.831779412211601,TRAIL_full,Local_linear_anchor,0.0,0.008679542545592014,0.015722015023878568,0.037633149653794724,0.008679542545592014,0.016021862385384604,0.029021801530480357,0.0694683091550601,0.016021862385384604,0.01265073600961816,0,0,1,-0.0033521215191364274,0.019403606350100012,0.02613549658729446,0.03733984252706987,0.005724370262502679,0.047815699589607276,0.05523703994592307
NASA,EXP27_NASA,2024,B0005,50,1.8460546215871638,"[20, 30, 40]",-2.359676708929965,-0.9764358884334845,TRAIL_full,Local_linear_anchor,0.0,0.17019323757958016,0.047853687762945164,0.13606401258769105,0.17019323757958016,0.31418601279666614,0.08834052145477403,0.2511815992692011,0.31418601279666614,0.2811430746150558,0,0,0,0.25756058427038797,0.25712985410121797,0.01123461828449125,0.022629924476122602,0.003059484401489793,0.043557402015232775,0.04533902336257139
NASA,EXP27_NASA,2024,B0005,70,1.8460546215871638,"[28, 42, 56]",0.07934145273800608,-0.37515625701668853,TRAIL_Lite,TRAIL_Lite,0.07934145273800608,0.0812904231279747,0.05022232525871392,0.08785492507564581,0.07100918829251668,0.15006656130617377,0.09271315565070258,0.16218499046508997,0.13108684022255354,0.10508467919954204,1,0,0,0.14339693739586432,0.14567054876636115,0.016681118000630903,0.029582618018545833,0.012077954122453948,0.01906737165291347,0.04857992989908386
NASA,EXP27_NASA,2024,B0005,90,1.8460546215871638,"[36, 54, 72]",-1.5127453652195142,-1.5879410819964683,TRAIL_Lite,Local_linear_anchor,0.0,0.031645022184526604,0.030241016536690712,0.04265608964942991,0.031645022184526604,0.05841843945397366,0.05582656833905174,0.07874547143616646,0.05841843945397366,0.05308284921772183,0,0,0,0.04149018581014605,0.04611016983417176,0.013403855184305258,0.016075098493939597,0.0003573423624182101,0.028009658774061755,0.03147254612173829
NASA,EXP27_NASA,2024,B0006,50,2.0246014027941577,"[20, 30, 40]",-0.01408448869046731,-0.950112512908098,TRAIL_Lite,Local_linear_anchor,0.0,0.28474270456115025,0.047617534679709264,0.031540866670370024,0.28474270456115025,0.5764904790899072,0.09640652751013883,0.06385768290617465,0.5764904790899072,0.5191245155072747,0,0,0,0.42215562301066073,0.4697119022413483,0.014009627253562936,0.018556382767260567,0.0036825155513955845,0.030321013346025705,0.032447674722429286
NASA,EXP27_NASA,2024,B0006,70,2.0246014027941577,"[28, 42, 56]",-0.5522407813153203,-0.35375129308473535,TRAIL_full,Local_linear_anchor,0.0,0.1635219825841164,0.027564605304573275,0.04318939153325485,0.1635219825841164,0.3310668353274839,0.05580733856710633,0.08744130268405388,0.3310668353274839,0.2859114125492043,0,0,0,0.28140026668839596,0.26976689041502083,0.021681511323907,0.03701836335340948,0.007687833083821344,0.03521701582306221,0.05183201896482122
NASA,EXP27_NASA,2024,B0006,90,2.0246014027941577,"[36, 54, 72]",-0.13472349663393976,-0.032360454585544915,TRAIL_full,Local_linear_anchor,0.0,0.09225950012988869,0.011353243497066498,0.022481682555585872,0.09225950012988869,0.18678871338406042,0.02298579271042448,0.0455164460392121,0.18678871338406042,0.15783779930571226,0,0,0,0.1670598995290673,0.17264158549586942,0.01900934657745975,0.023433030461895227,0.0013545863298460546,0.03071332525697771,0.04014152721491998
NASA,EXP27_NASA,2024,B0007,50,1.8841173315929292,"[20, 30, 40]",-0.6437666861349534,-3.7776126805721395,TRAIL_Lite,Local_linear_anchor,0.0,0.08978890960472717,0.01134193674664367,0.09950747367558535,0.08978890960472717,0.1691728407710973,0.02136953959818206,0.18748375577519752,0.1691728407710973,0.1558112080538772,0,0,0,0.11514221031998699,0.12810338370522306,0.005065505213548766,0.007209076590379826,0.0010108698703476578,0.0027740099483428817,0.013053781630727894
NASA,EXP27_NASA,2024,B0007,70,1.8841173315929292,"[28, 42, 56]",-0.10194471830066001,-1.3935128946088837,TRAIL_Lite,Local_linear_anchor,0.0,0.0809489323370706,0.015112869835181456,0.0046945010498215065,0.0809489323370706,0.15251728639021803,0.028474419986573355,0.008844990791149901,0.15251728639021803,0.1261327498289363,0,0,0,0.155297684663571,0.1519784140565414,0.007683302139979253,0.009126590230003572,0.0009875756945464022,0.019663009765753994,0.020233379250103455
NASA,EXP27_NASA,2024,B0007,90,1.8841173315929292,"[36, 54, 72]",0.4878112100160909,-1.2542239978842857,TRAIL_Lite,TRAIL_Lite,0.4878112100160909,0.06920822843037658,0.01776457498367781,0.022024208629490026,0.027228290840663694,0.130396422674515,0.03347054361512954,0.04149619319344071,0.051301294682547474,0.043425706055990214,1,0,0,0.048996857422993166,0.04976232784429124,0.016409182786695176,0.02535566687429235,0.004025420248509149,0.04397393637600405,0.03929735879637735
NASA,EXP27_NASA,2024,B0018,50,1.845933964978541,"[20, 30, 40]",0.21145490458589516,-0.2657024219368342,TRAIL_Lite,TRAIL_Lite,0.21145490458589516,0.2897604907174693,0.036964943150341704,0.022617974738583388,0.23590044268088065,0.5348787315242258,0.06823484407471662,0.04175128778897771,0.43545663949811103,0.38871141585171415,1,0,0,0.35906008941344725,0.37195406275812815,0.016836460252694165,0.021375836587916364,0.0036773286209014003,0.034709774989057335,0.03524961451509275
NASA,EXP27_NASA,2024,B0018,70,1.845933964978541,"[28, 42, 56]",-0.9854229638451539,-1.052323246410766,TRAIL_Lite,Local_linear_anchor,0.0,0.12792554361713146,0.009942659189845353,0.011344184060837694,0.12792554361713146,0.23614210595120674,0.01835349230074156,0.02094061466286849,0.23614210595120674,0.19771997927239515,0,0,0,0.23607860292093913,0.22745458301192506,0.018695918007542847,0.023970914028687652,0.003987010521315384,0.026611613116604208,0.05085054013026621
NASA,EXP27_NASA,2024,B0018,90,1.845933964978541,"[36, 54, 72]",-1.7143848131964985,-2.8796338269214865,TRAIL_Lite,Local_linear_anchor,0.0,0.008679542545592014,0.012431129725724403,0.016344217765890807,0.008679542545592014,0.016021862385384604,0.02294704458376905,0.03017034670506353,0.016021862385384604,0.01265073600961816,0,0,1,-0.0033521215191364274,0.019403606350100012,0.023645211851322928,0.03185125599215856,0.00182620086108317,0.056799167156408,0.054063839991358616
NASA,EXP27_NASA,3407,B0005,50,1.8460546215871638,"[20, 30, 40]",-1.4088797730564118,-0.47268609492561153,TRAIL_full,Local_linear_anchor,0.0,0.17019323757958016,0.04489553467711586,0.09972853318175638,0.17019323757958016,0.31418601279666614,0.08287960927931651,0.1841043195842902,0.31418601279666614,0.2811430746150558,0,0,0,0.25756058427038797,0.25712985410121797,0.009347874927122803,0.01686180237387982,0.003291639263777603,0.03061511703394756,0.033723232699400564
NASA,EXP27_NASA,3407,B0005,70,1.8460546215871638,"[28, 42, 56]",0.17219369301451595,0.18250909798229417,TRAIL_full,TRAIL_full,0.18250909798229417,0.0812904231279747,0.028834229114769423,0.05354604894865336,0.05704536493431291,0.15006656130617377,0.05322956191722325,0.09884893112939404,0.1053088595771147,0.08305737055196327,1,0,0,0.11782675375112292,0.11981524257010523,0.013346289809905596,0.019130703919193536,0.004853089715931316,0.03061514563032274,0.0494933422743165
NASA,EXP27_NASA,3407,B0005,90,1.8460546215871638,"[36, 54, 72]",-1.922016404300279,-1.5239264548802534,TRAIL_full,Local_linear_anchor,0.0,0.031645022184526604,0.008233881557400789,0.02357186734737282,0.031645022184526604,0.05841843945397366,0.01520019510264104,0.043514954656057155,0.05841843945397366,0.05308284921772183,0,0,0,0.04149018581014605,0.04611016983417176,0.050035560752984244,0.07671070530225368,0.015616133174975379,0.135921646569578,0.1318037614176765
NASA,EXP27_NASA,3407,B0006,50,2.0246014027941577,"[20, 30, 40]",0.08117067874279027,-0.5314870839213656,TRAIL_Lite,TRAIL_Lite,0.08117067874279027,0.28474270456115025,0.07527014969892383,0.05676482528573198,0.2674961925774585,0.5764904790899072,0.15239205066896744,0.11492614490285824,0.5415731667344186,0.4888763109594094,1,0,0,0.3919656971613324,0.4403267918403526,0.01640300286873743,0.020084458211944965,0.0032712108760340544,0.04098686038943558,0.04230988717863759
NASA,EXP27_NASA,3407,B0006,70,2.0246014027941577,"[28, 42, 56]",-0.6168761853194554,-0.4237163632449899,TRAIL_full,Local_linear_anchor,0.0,0.1635219825841164,0.036828083521031924,0.03395573363569463,0.1635219825841164,0.3310668353274839,0.07456218955890163,0.06874682595173211,0.3310668353274839,0.2859114125492043,0,0,0,0.28140026668839596,0.26976689041502083,0.019522005907726302,0.0356783106378519,0.0014981327764356182,0.0185939669812124,0.05604714724072956
NASA,EXP27_NASA,3407,B0006,90,2.0246014027941577,"[36, 54, 72]",-0.15845988558718038,0.46888365500826196,TRAIL_full,TRAIL_full,0.46888365500826196,0.09225950012988869,0.012978251894863868,0.02241318976811065,0.059190438449348994,0.18678871338406042,0.026275786992157324,0.04537777544560849,0.11983704471655322,0.10074653892659974,1,0,0,0.10712852714995476,0.1181582087170711,0.022447633100387183,0.037313032584352944,0.007313534927218509,0.030038572735092858,0.04596877211649589
NASA,EXP27_NASA,3407,B0007,50,1.8841173315929292,"[20, 30, 40]",-0.4624989486743748,-0.9474896543745778,TRAIL_Lite,Local_linear_anchor,0.0,0.08978890960472717,0.017533993103488195,0.03378525118117453,0.08978890960472717,0.1691728407710973,0.033036100298313,0.06365537730267141,0.1691728407710973,0.1558112080538772,0,0,0,0.11514221031998699,0.12810338370522306,0.00704281681634997,0.012687093884065737,0.004386602239067773,0.007071539738405316,0.019794507952386232
NASA,EXP27_NASA,3407,B0007,70,1.8841173315929292,"[28, 42, 56]",0.6130021481365524,-0.3950654006302985,TRAIL_Lite,TRAIL_Lite,0.6130021481365524,0.0809489323370706,0.024014359774066265,0.04137684829045108,0.04556946230013561,0.15251728639021803,0.045245871457426305,0.07795883699073014,0.08585821371105609,0.07335906035848452,1,0,0,0.07999851356355617,0.07646447213426702,0.004491475360015978,0.007098342369366874,0.002314541728071759,0.005497184884923489,0.014910393207092518
NASA,EXP27_NASA,3407,B0007,90,1.8841173315929292,"[36, 54, 72]",0.516136603794443,-0.2870153268093627,TRAIL_Lite,TRAIL_Lite,0.516136603794443,0.06920822843037658,0.0334869683047007,0.05812867357007813,0.018042559735517025,0.130396422674515,0.06309337736538968,0.10952124133589203,0.033994299503988364,0.02590737901709157,1,0,0,0.037691257128890744,0.03769586760606568,0.00610171340002254,0.007769595465479969,0.00035430748522392776,0.010534307934154026,0.012075755608862633
NASA,EXP27_NASA,3407,B0018,50,1.845933964978541,"[20, 30, 40]",-0.16625717816854485,-0.22322571894825138,TRAIL_Lite,Local_linear_anchor,0.0,0.2897604907174693,0.032287859890204544,0.0216371705611927,0.2897604907174693,0.5348787315242258,0.05960125722779687,0.039940788044939404,0.5348787315242258,0.4766608362556377,0,0,0,0.44537270631446313,0.46119162938926117,0.02309017859941717,0.029775267052364204,0.004589059819378769,0.03921408294728646,0.04789910494728347
NASA,EXP27_NASA,3407,B0018,70,1.845933964978541,"[28, 42, 56]",-1.8542068816513593,-1.3316015007114557,TRAIL_full,Local_linear_anchor,0.0,0.12792554361713146,0.00889080742071945,0.01660462087110116,0.12792554361713146,0.23614210595120674,0.016411843393989288,0.030651033641557197,0.23614210595120674,0.19771997927239515,0,0,0,0.23607860292093913,0.22745458301192506,0.02002046791157702,0.023269806927002163,0.0029956590872202322,0.016068895608680498,0.044753904502263235
NASA,EXP27_NASA,3407,B0018,90,1.845933964978541,"[36, 54, 72]",-2.405871899239948,-3.7217798325421585,TRAIL_Lite,Local_linear_anchor,0.0,0.008679542545592014,0.012306615011719577,0.02999290452047225,0.008679542545592014,0.016021862385384604,0.02271719864404795,0.055364921162698144,0.016021862385384604,0.01265073600961816,0,0,1,-0.0033521215191364274,0.019403606350100012,0.025268724822684645,0.03274548694234328,0.0010522333345551749,0.05836497835487541,0.05835707679858974
CALCE_CS2,EXP28_CROSSDOMAIN,42,CS2_35,150,1.1378896577321422,"[60, 90, 120]",0.17971419686586484,-0.4430303053387557,TRAIL_Lite,TRAIL_Lite,0.17971419686586484,0.633781603695772,0.037606235692687444,0.19001105543830343,0.5259718149020074,0.7211735321063102,0.042791746660946386,0.21621161483801418,0.5984978884355989,0.5601404162304063,1,0,0,0.35083079060805467,0.7062690938993238,0.017307865801101236,0.024772196463325503,0.005880017355523751,0.0338117370376176,0.038118109349304555
CALCE_CS2,EXP28_CROSSDOMAIN,42,CS2_35,250,1.1378896577321422,"[100, 150, 200]",0.3529291574182939,-0.43390525875942615,TRAIL_Lite,TRAIL_Lite,0.3529291574182939,0.13963118796027033,0.03641404448422438,0.1952379558530328,0.10102086473770712,0.15888488467684442,0.041435164614797085,0.2221592507619306,0.11495059720019458,0.10587812421205797,1,0,0,0.06222037322844758,0.17048179125510377,0.03712810301546853,0.03802451324345611,0.0005314259867174181,0.051047850022348275,0.0714491797207864
CALCE_CS2,EXP28_CROSSDOMAIN,42,CS2_35,350,1.1378896577321422,"[140, 210, 280]",-1.3857936660968975,-6.125652090685887,TRAIL_Lite,Local_linear_anchor,0.0,0.17551724270535976,0.04100152156987766,0.18964914542581485,0.17551724270535976,0.19971925522809114,0.046655207345645135,0.21579980117777373,0.19971925522809114,0.1439681138310923,0,0,0,0.39682378601800694,0.4172477211478478,0.02695929188818208,0.03348355145876599,0.004069864737483865,0.02941542915639126,0.07065219148550793
CALCE_CS2,EXP28_CROSSDOMAIN,42,CS2_36,150,1.143851077067766,"[60, 90, 120]",-1.0557607184216182,-0.49174553646426195,TRAIL_full,Local_linear_anchor,0.0,0.5089084688023949,0.04095963137335042,0.09712506573678066,0.5089084688023949,0.582115500168527,0.046851718462705534,0.11109661105329412,0.582115500168527,0.48296568622339775,0,0,0,0.9721349630757129,1.0304425305735982,0.027861881773243714,0.029034812113395682,0.0008960927440179768,0.05048070653597897,0.05280768612474104
CALCE_CS2,EXP28_CROSSDOMAIN,42,CS2_36,250,1.143851077067766,"[100, 150, 200]",-2.016826648139278,-1.5841982230802225,TRAIL_full,Local_linear_anchor,0.0,0.6338102617373405,0.035424240082795856,0.07181988993432173,0.6338102617373405,0.7249845505448596,0.040520055173013166,0.08215125845626231,0.7249845505448596,0.6123503047562986,0,0,0,1.166768861485585,1.2197621670859466,0.038806468945403856,0.051176046219625716,0.009764464876481645,0.062041229814964606,0.0800099928404035
CALCE_CS2,EXP28_CROSSDOMAIN,42,CS2_36,350,1.143851077067766,"[140, 210, 280]",-1.6997485691556855,-1.5777976577154549,TRAIL_full,Local_linear_anchor,0.0,0.05472932772445281,0.03082819433980624,0.06268848462654995,0.05472932772445281,0.06260220046481009,0.03526286329964177,0.07170629065982526,0.06260220046481009,0.035809768645870356,0,0,1,0.10701128717633818,0.17044416446396396,0.05041121849329019,0.06416361756740895,0.011417118280085611,0.08454140598030342,0.09775246550413631
CALCE_CS2,EXP28_CROSSDOMAIN,42,CS2_37,150,1.1341892294588225,"[60, 90, 120]",0.647869803299282,0.5539239715401993,TRAIL_Lite,TRAIL_Lite,0.647869803299282,0.6480986792271027,0.12229348586490411,0.23327199676083038,0.15624590847011693,0.7350665416058683,0.138703954500949,0.26457458626048713,0.17721242653381564,0.1566799883572089,1,0,0,0.2431966494156069,0.32899392891362006,0.016166812401198712,0.017412146358392146,0.0009183140006084507,0.02229842601046149,0.03706874425327075
CALCE_CS2,EXP28_CROSSDOMAIN,42,CS2_37,250,1.1341892294588225,"[100, 150, 200]",0.7341578637228017,0.4216728698934116,TRAIL_Lite,TRAIL_Lite,0.7341578637228017,0.048533162153585906,0.13116551309969696,0.24682781250048624,0.09640263271340731,0.055045789786175685,0.14876651223411638,0.2799494464689332,0.1093388277150213,0.0838692782972863,1,1,1,0.2023040541995342,0.20153833150343622,0.01739493033291255,0.019006565041765136,0.0005267386850744751,0.025450775589727647,0.03174901484601615
CALCE_CS2,EXP28_CROSSDOMAIN,42,CS2_37,350,1.1341892294588225,"[140, 210, 280]",0.3524876500498764,-1.334289005196491,TRAIL_Lite,TRAIL_Lite,0.3524876500498764,1.558587231288596,0.1424395063610604,0.2532053542776233,0.9602685833489599,1.7677328508995722,0.16155335396414613,0.2871827856629857,1.089126284622072,0.9393944625374938,1,0,0,1.6781601722262536,1.7644049241045565,0.014149960763377841,0.015302959924075335,0.0002675625211156652,-0.0052833395152177155,0.030327255568225405
CALCE_CS2,EXP28_CROSSDOMAIN,42,CS2_38,150,1.1385025515056624,"[60, 90, 120]",0.7420260920290688,0.7035912456765551,TRAIL_Lite,TRAIL_Lite,0.7420260920290688,0.060446614061494,0.16151728645576768,0.17052969667000004,0.1146623574150242,0.06881862433888897,0.18388784274216247,0.19414849476628168,0.13054338647865926,0.09898009006465011,1,1,1,0.23457281423882004,0.23423402685053835,0.021249355537791424,0.029946830733170327,0.00348167534690612,0.016400200011337834,0.042098538708331176
CALCE_CS2,EXP28_CROSSDOMAIN,42,CS2_38,250,1.1385025515056624,"[100, 150, 200]",-0.15503081172309743,-0.8292679816698417,TRAIL_Lite,Local_linear_anchor,0.0,0.09031692404347706,0.17277787989329943,0.18210301979898885,0.09031692404347706,0.10282604846764175,0.19670805710226028,0.20732475267803496,0.10282604846764175,0.05959327312785,0,0,1,0.19901475900296856,0.28310725766397854,0.011453066694777738,0.013067117919367393,0.00032985070765850603,0.002916627016767852,0.028251724401938932
CALCE_CS2,EXP28_CROSSDOMAIN,42,CS2_38,350,1.1385025515056624,"[140, 210, 280]",0.6775177262249177,0.49026955811590245,TRAIL_Lite,TRAIL_Lite,0.6775177262249177,0.23148822785615492,0.18681965966597816,0.1966211121370513,0.06213836486010759,0.2635499380577565,0.21269465920113562,0.22385363784791387,0.07074468693962228,0.058121749708573776,1,0,0,0.07395401746577147,0.13619469949021248,0.015534967254050331,0.021132499713174588,0.0014413304501669656,0.00041775411600483855,0.04222326261562603
CALCE_CS2,EXP28_CROSSDOMAIN,2024,CS2_35,150,1.1378896577321422,"[60, 90, 120]",-0.9066989644569161,-0.7768548307301646,TRAIL_full,Local_linear_anchor,0.0,0.633781603695772,0.3684524180456209,0.21209160429342194,0.633781603695772,0.7211735321063102,0.4192581958605118,0.24133684301730285,0.7211735321063102,0.6743084660386979,0,0,0,0.42727867437940964,0.8478966284701457,0.04012627006993526,0.05366124020981789,0.0035077721664363154,0.09925053876402988,0.08944168975926937
CALCE_CS2,EXP28_CROSSDOMAIN,2024,CS2_35,250,1.1378896577321422,"[100, 150, 200]",-1.8745899361953717,-0.9242069039190922,TRAIL_full,Local_linear_anchor,0.0,0.13963118796027033,0.33333466951329654,0.19919436073178043,0.13963118796027033,0.15888488467684442,0.37929807300274176,0.22666120295525852,0.15888488467684442,0.14506127560724613,0,0,1,0.10811000006000622,0.22542729499412675,0.07976731644356834,0.1066594888840464,0.023289436721953848,0.15653189229395145,0.16834902010370886
CALCE_CS2,EXP28_CROSSDOMAIN,2024,CS2_35,350,1.1378896577321422,"[140, 210, 280]",-13.027844985815308,-7.458902844073221,TRAIL_full,Local_linear_anchor,0.0,0.17551724270535976,0.29116176182573517,0.17570466433322543,0.17551724270535976,0.19971925522809114,0.3313099575085733,0.19993252036007483,0.19971925522809114,0.1439681138310923,0,0,1,0.39682378601800694,0.4172477211478478,0.0737287302905625,0.11871947930718585,0.011575403131655386,0.18678855582371806,0.18570365868892316
CALCE_CS2,EXP28_CROSSDOMAIN,2024,CS2_36,150,1.143851077067766,"[60, 90, 120]",-0.9116609127929959,-0.567662697457074,TRAIL_full,Local_linear_anchor,0.0,0.5089084688023949,0.25124274805531477,0.2528501905540768,0.5089084688023949,0.582115500168527,0.28738428796853716,0.2892229628020706,0.582115500168527,0.48296568622339775,0,0,0,0.9721349630757129,1.0304425305735982,0.026925670806941037,0.028317867321153194,0.00012516121183850024,0.049524993666543456,0.05457864745396224
CALCE_CS2,EXP28_CROSSDOMAIN,2024,CS2_36,250,1.143851077067766,"[100, 150, 200]",-2.0705868280171695,-1.1310572374289856,TRAIL_full,Local_linear_anchor,0.0,0.6338102617373405,0.09250654558486877,0.24510636981415496,0.6338102617373405,0.7249845505448596,0.10581371180307053,0.2803651851080913,0.7249845505448596,0.6123503047562986,0,0,0,1.166768861485585,1.2197621670859466,0.044400417653991615,0.06824667661633807,0.019204294902975306,0.10795647203438948,0.11597263517895653
CALCE_CS2,EXP28_CROSSDOMAIN,2024,CS2_36,350,1.143851077067766,"[140, 210, 280]",-1.703662758109229,-1.9712776711543751,TRAIL_Lite,Local_linear_anchor,0.0,0.05472932772445281,0.07106179422482739,0.23307347245090243,0.05472932772445281,0.06260220046481009,0.08128410986243675,0.266601342498889,0.06260220046481009,0.035809768645870356,0,0,1,0.10701128717633818,0.17044416446396396,0.05796366110067033,0.08616939000055848,0.01572261487530803,0.13491239996290236,0.1381676244103407
CALCE_CS2,EXP28_CROSSDOMAIN,2024,CS2_37,150,1.1341892294588225,"[60, 90, 120]",0.5678386986947356,0.4831383317091085,TRAIL_Lite,TRAIL_Lite,0.5678386986947356,0.6480986792271027,0.10785780603643029,0.28500416465433254,0.2227393399653859,0.7350665416058683,0.122331161919578,0.3232486539018528,0.25262856036550774,0.2046816714249736,1,0,0,0.4400108610429212,0.5244847530569365,0.019952436418274027,0.021369754512308013,0.0007151353578085627,0.023963559816754625,0.03548970084157982
CALCE_CS2,EXP28_CROSSDOMAIN,2024,CS2_37,250,1.1341892294588225,"[100, 150, 200]",0.4810905812153569,-0.027448886098718102,TRAIL_Lite,TRAIL_Lite,0.4810905812153569,0.048533162153585906,0.11181459356188551,0.2519234128940606,0.06732171656084562,0.055045789786175685,0.12681890771420634,0.2857288215529514,0.07635556583199075,0.06689964720473184,1,1,1,0.05106669447027573,0.12062941576979919,0.03341763659107091,0.04188765332918024,0.00647208536996844,0.0736185829791707,0.07476635088322173
CALCE_CS2,EXP28_CROSSDOMAIN,2024,CS2_37,350,1.1341892294588225,"[140, 210, 280]",-1.014963998647592,-3.8593158031549604,TRAIL_Lite,Local_linear_anchor,0.0,1.558587231288596,0.11696678448176841,0.220175505361492,1.558587231288596,1.7677328508995722,0.13266246716365307,0.24972068677165746,1.7677328508995722,1.5175562802056568,0,0,0,2.760966974555394,2.8325604270357965,0.035026800233154486,0.047622691325937855,0.010679482994453364,0.059142534348329896,0.07459789029265441
CALCE_CS2,EXP28_CROSSDOMAIN,2024,CS2_38,150,1.1385025515056624,"[60, 90, 120]",0.7606970758881109,0.7082413001489092,TRAIL_Lite,TRAIL_Lite,0.7606970758881109,0.060446614061494,0.19723348498610474,0.15169586238160856,0.14641404101576755,0.06881862433888897,0.224550825899034,0.17270612637431318,0.16669275927270605,0.12671128989057695,1,1,1,0.2873999338689956,0.29066369295147493,0.022639982833570316,0.027779342289744664,0.004538881617456095,0.015719916254203225,0.04388756740109748
CALCE_CS2,EXP28_CROSSDOMAIN,2024,CS2_38,250,1.1385025515056624,"[100, 150, 200]",-0.255340200651711,0.11657718273121134,TRAIL_full,TRAIL_full,0.11657718273121134,0.09031692404347706,0.21142768938009446,0.16195385828112346,0.06733175292188949,0.10282604846764175,0.2407109638181842,0.1843848808792455,0.07665737249892002,0.04108937543416216,1,0,1,0.1343957865019484,0.22918301560441945,0.009349238474507877,0.010625464389426383,0.0006313426735773363,0.006242812207018619,0.027131488061968568
CALCE_CS2,EXP28_CROSSDOMAIN,2024,CS2_38,350,1.1385025515056624,"[140, 210, 280]",0.5756474599347764,0.6235889686161594,TRAIL_full,TRAIL_full,0.6235889686161594,0.23148822785615492,0.2258776113635562,0.17555157056579532,0.046409639742292765,0.2635499380577565,0.2571622368654131,0.1998659110099843,0.0528374932610589,0.04335976387113979,1,0,0,0.04755701420242992,0.10481010488150416,0.018319830969790094,0.024666657948028293,0.005939166914869981,0.00911130509074541,0.043172641804041095
CALCE_CS2,EXP28_CROSSDOMAIN,3407,CS2_35,150,1.1378896577321422,"[60, 90, 120]",-4.876829808179613,-0.3581412829091085,TRAIL_full,Local_linear_anchor,0.0,0.633781603695772,0.5072624780259832,0.3223593406616077,0.633781603695772,0.7211735321063102,0.5772087275013443,0.3668093598121958,0.7211735321063102,0.6743084660386979,0,0,0,0.42727867437940964,0.8478966284701457,0.02809822854051618,0.041015802555777615,0.012073262932278627,0.060023732148077644,0.06420903699217845
CALCE_CS2,EXP28_CROSSDOMAIN,3407,CS2_35,250,1.1378896577321422,"[100, 150, 200]",-1.689092470677061,-0.5962761278399474,TRAIL_full,Local_linear_anchor,0.0,0.13963118796027033,0.4819108633635102,0.2924984867362881,0.13963118796027033,0.15888488467684442,0.5483613873701058,0.3328310029595244,0.15888488467684442,0.14506127560724613,0,0,1,0.10811000006000622,0.22542729499412675,0.06782901657771322,0.08848199621135769,0.019947994180268158,0.1331863281963504,0.14538528257888458
CALCE_CS2,EXP28_CROSSDOMAIN,3407,CS2_35,350,1.1378896577321422,"[140, 210, 280]",-36.78846553031443,-6.267706923176268,TRAIL_full,Local_linear_anchor,0.0,0.17551724270535976,0.45300074636649024,0.2602522843888501,0.17551724270535976,0.19971925522809114,0.5154648642353705,0.2961383828072368,0.19971925522809114,0.1439681138310923,0,0,1,0.39682378601800694,0.4172477211478478,0.06256024989113697,0.10200107583518744,0.016435294267921105,0.1623113954582165,0.1681616411972414
CALCE_CS2,EXP28_CROSSDOMAIN,3407,CS2_36,150,1.143851077067766,"[60, 90, 120]",-0.7743016843013084,-0.7586135942639365,TRAIL_full,Local_linear_anchor,0.0,0.5089084688023949,0.2620414973075115,0.10436457229738202,0.5089084688023949,0.582115500168527,0.2997364489316471,0.11937752843007715,0.582115500168527,0.48296568622339775,0,0,0,0.9721349630757129,1.0304425305735982,0.033881758224765426,0.03761933971569248,0.0007721913385631413,0.06209555814265772,0.059730853895968584
CALCE_CS2,EXP28_CROSSDOMAIN,3407,CS2_36,250,1.143851077067766,"[100, 150, 200]",-1.594511543389181,-1.6783528739951548,TRAIL_Lite,Local_linear_anchor,0.0,0.6338102617373405,0.22705531465880693,0.09187322391724906,0.6338102617373405,0.7249845505448596,0.2597174662264368,0.10508928613143337,0.7249845505448596,0.6123503047562986,0,0,0,1.166768861485585,1.2197621670859466,0.0479050773533831,0.07112601939477523,0.016888897281960316,0.10958557101882378,0.1231623393526558
CALCE_CS2,EXP28_CROSSDOMAIN,3407,CS2_36,350,1.143851077067766,"[140, 210, 280]",-1.246762430084915,-1.3921322417176873,TRAIL_Lite,Local_linear_anchor,0.0,0.05472932772445281,0.1960605830072531,0.07950084928933895,0.05472932772445281,0.06260220046481009,0.22426410904338057,0.0909371320874125,0.06260220046481009,0.035809768645870356,0,0,1,0.10701128717633818,0.17044416446396396,0.06411955929169284,0.09637447298504835,0.030305923338356855,0.15773971686989746,0.16305737004024887
CALCE_CS2,EXP28_CROSSDOMAIN,3407,CS2_37,150,1.1341892294588225,"[60, 90, 120]",0.5618100904173703,0.5992220844714488,TRAIL_full,TRAIL_full,0.5992220844714488,0.6480986792271027,0.18515527106342228,0.2820647024776462,0.11657701166174697,0.7350665416058683,0.21000111421766232,0.3199147475606536,0.13222039102924896,0.08851878550420203,1,0,0,0.20319131012991345,0.4017683291593242,0.02198840281096599,0.030017329313503732,0.0036877581278390824,0.025997869333723583,0.060969372218952884
CALCE_CS2,EXP28_CROSSDOMAIN,3407,CS2_37,250,1.1341892294588225,"[100, 150, 200]",0.2879599838645681,0.6590470400002766,TRAIL_full,TRAIL_full,0.6590470400002766,0.048533162153585906,0.17977605055281626,0.27987424692174684,0.19121419458895159,0.055045789786175685,0.203900060251649,0.31743035646154427,0.21687308002243236,0.18263828716853325,1,1,1,0.27437346438961696,0.33154437633855954,0.026388151725779,0.039004154050125854,0.006379092193445204,0.06977008233008014,0.07143572185429646
CALCE_CS2,EXP28_CROSSDOMAIN,3407,CS2_37,350,1.1341892294588225,"[140, 210, 280]",-2.732284394028993,-1.2449160578098137,TRAIL_full,Local_linear_anchor,0.0,1.558587231288596,0.16366577861293455,0.2762512856188829,1.558587231288596,1.7677328508995722,0.18562796333378245,0.3133212327730899,1.7677328508995722,1.5175562802056568,0,0,0,2.760966974555394,2.8325604270357965,0.04387795838419096,0.05305761020918127,0.007446016425213253,0.08603220220167669,0.10695586808956825
CALCE_CS2,EXP28_CROSSDOMAIN,3407,CS2_38,150,1.1385025515056624,"[60, 90, 120]",0.7545957528920822,0.8383385999372568,TRAIL_full,TRAIL_full,0.8383385999372568,0.060446614061494,0.17201187971359125,0.1962232892985233,0.1611548702921002,0.06881862433888897,0.1958359639432087,0.22340071553120253,0.18347523101512014,0.132014725535625,1,1,1,0.3403313444267593,0.33641694013638296,0.01826135330374953,0.018766046184034633,0.00011165681968642108,0.017827695991308744,0.0376224186486087
CALCE_CS2,EXP28_CROSSDOMAIN,3407,CS2_38,250,1.1385025515056624,"[100, 150, 200]",-1.1921939420738819,-0.03773531838766431,TRAIL_full,Local_linear_anchor,0.0,0.09031692404347706,0.17277994922019274,0.2113748481776335,0.09031692404347706,0.10282604846764175,0.1967104130362082,0.24065080397435776,0.10282604846764175,0.05959327312785,0,0,1,0.19901475900296856,0.28310725766397854,0.01045385564757402,0.012427828487489802,0.0006878018653936092,0.004817875651800074,0.026930549030374392
CALCE_CS2,EXP28_CROSSDOMAIN,3407,CS2_38,350,1.1385025515056624,"[140, 210, 280]",0.6190469296297384,0.5127909720797507,TRAIL_Lite,TRAIL_Lite,0.6190469296297384,0.23148822785615492,0.17770436048805996,0.23361126806781293,0.038631344881084134,0.2635499380577565,0.20231686782933828,0.2659670247556783,0.043981884715209495,0.03532428214599091,1,0,0,0.05005872462409434,0.09809355780865511,0.02852852683166969,0.034309775638467974,0.001347174504945134,0.03382911605333988,0.053555208086315816
XJTU_B2,EXP28_CROSSDOMAIN,42,B2_3C_battery-1,70,1.9076666666666668,"[28, 42, 56]",0.8140579195254273,0.7055846816953456,TRAIL_Lite,TRAIL_Lite,0.8140579195254273,0.051661312268450076,0.03454895232600762,0.035993616973004086,0.03768902963822438,0.09855256337077993,0.06590788472058054,0.06866382331216747,0.07189810553985272,0.05173609358653878,1,0,0,0.08164086091159357,0.09466770847926953,0.0007682195914819914,0.0012964209482896462,0.0005094147339313466,0.0013791153833325846,0.002476894999225263
XJTU_B2,EXP28_CROSSDOMAIN,42,B2_3C_battery-1,130,1.9076666666666668,"[52, 78, 104]",-0.014256048157063064,0.7362706039946108,TRAIL_full,TRAIL_full,0.7362706039946108,0.03453791517029841,0.030137061280215552,0.042171567313782236,0.03997150959123635,0.06588682950653928,0.057491467235557876,0.08044929324559193,0.07625231646354855,0.048614918943607435,1,1,1,0.09530942369125714,0.10516963175350161,0.001137711517830535,0.0021803122259025833,0.0006052478438910904,0.003884581471387738,0.00386869142923281
XJTU_B2,EXP28_CROSSDOMAIN,42,B2_3C_battery-1,190,1.9076666666666668,"[76, 114, 152]",-0.40825417825444793,-1.2828515156497777,TRAIL_Lite,Local_linear_anchor,0.0,0.04432444486909288,0.017606973287985602,0.019186564040672358,0.04432444486909288,0.08455626599527286,0.03358823604238054,0.03660156866825597,0.08455626599527286,0.060644005202329154,0,0,0,0.10035459397189345,0.10490719398388672,0.0030093723025492428,0.006971540834203673,0.0003478819129236676,0.011970250421137009,0.012027831320511367
XJTU_B2,EXP28_CROSSDOMAIN,42,B2_3C_battery-10,70,1.8739999999999999,"[28, 42, 56]",-1.244001373371224,-1.1837222927683293,TRAIL_full,Local_linear_anchor,0.0,0.029196594710291113,0.027447864533507015,0.030347769840334,0.029196594710291113,0.054714418487085546,0.05143729813579214,0.056871720680785914,0.054714418487085546,0.033563595190974356,0,0,1,0.06819326024324539,0.08562714618610824,0.001753765658043328,0.002820085648973459,4.953560275384929e-06,0.005256383508724368,0.005328017812183055
XJTU_B2,EXP28_CROSSDOMAIN,42,B2_3C_battery-10,130,1.8739999999999999,"[52, 78, 104]",0.5901115171572386,0.6209236414800768,TRAIL_full,TRAIL_full,0.6209236414800768,0.016940495660691886,0.008077558808703901,0.003972471508359652,0.00417616072130474,0.031746488868136594,0.015137345207511109,0.007444411606665987,0.007826125191725082,0.006470090036064658,1,0,0,0.007865709473898237,0.008014997327340935,0.006314156454884799,0.012181532615140402,0.0020032155972937054,0.02686293011123474,0.030696814371729293
XJTU_B2,EXP28_CROSSDOMAIN,42,B2_3C_battery-11,70,1.8490000000000002,"[28, 42, 56]",-1.7372488046094547,-1.1778310620331454,TRAIL_full,Local_linear_anchor,0.0,0.030665364994062312,0.017744940410490535,0.013275375880517554,0.030665364994062312,0.05670025987402122,0.032810394818997,0.024546170003076958,0.05670025987402122,0.03652269880004499,0,0,0,0.07184063765427502,0.0840772507164022,0.0037578972090726633,0.0058933551524175285,0.002015614319180452,0.012323029006359024,0.011627878240517439
XJTU_B2,EXP28_CROSSDOMAIN,42,B2_3C_battery-12,70,1.8416666666666668,"[28, 42, 56]",-0.03181962628889862,0.3324154101750986,TRAIL_full,TRAIL_full,0.3324154101750986,0.036236709191346396,0.012844149947117113,0.007078090458155078,0.025528143821178847,0.06673593942739628,0.023654642819274017,0.013035483260435602,0.047014331537337715,0.026014245128470573,1,0,0,0.059496533447021764,0.08439396749047363,0.0017162644263168548,0.002548746550294553,0.0003488311067541684,0.005372929370638778,0.005344511080188956
XJTU_B2,EXP28_CROSSDOMAIN,42,B2_3C_battery-12,130,1.8416666666666668,"[52, 78, 104]",0.6189306552527731,0.6484886471743729,TRAIL_full,TRAIL_full,0.6484886471743729,0.03675669798013059,0.01593777765020646,0.01853560933050571,0.02492035673986507,0.0676935854467405,0.029352073839130226,0.03413641385034802,0.045894990329251505,0.03033096631235364,1,0,0,0.058648718927260916,0.06619701509663095,0.0033489636894992528,0.006040182088218024,0.002673187528258561,0.011585000589511459,0.012419215487755746
XJTU_B2,EXP28_CROSSDOMAIN,42,B2_3C_battery-12,190,1.8416666666666668,"[76, 114, 152]",0.5188264759204175,0.4223379793733254,TRAIL_Lite,TRAIL_Lite,0.5188264759204175,0.008022648037090295,0.0017935974311716271,0.006172572594906078,0.0029333435688038796,0.014775043468307962,0.0033032086024077467,0.011367821195618693,0.005402241072547145,0.003949024340628452,1,0,0,0.006264519599913487,0.0066258676892593385,0.006353932352046798,0.010763494379542073,0.0031525637939628795,0.024066617524886296,0.02289871785435747
XJTU_B2,EXP28_CROSSDOMAIN,42,B2_3C_battery-13,70,1.8506666666666665,"[28, 42, 56]",0.2309122385765703,0.4174026569025331,TRAIL_full,TRAIL_full,0.4174026569025331,0.04306425267924373,0.03772633434816877,0.030979827017007786,0.03798016461185943,0.07969757695838706,0.06981886943367767,0.057333333199475735,0.07028862464168117,0.0417138165991991,1,0,0,0.09013631809535741,0.11158332527620628,0.0033684007279210677,0.007066341565205342,0.0019367025657276897,0.013457835171521472,0.012809251085040241
XJTU_B2,EXP28_CROSSDOMAIN,42,B2_3C_battery-13,130,1.8506666666666665,"[52, 78, 104]",0.7905899175355116,0.7985359291596978,TRAIL_full,TRAIL_full,0.7985359291596978,0.04474653628611633,0.042378476936022653,0.041255488401969825,0.04195494257579388,0.08281092315350594,0.07842843464959925,0.07635015720257882,0.07764461372693586,0.055175136924991486,1,0,0,0.09596262434648473,0.09866919245044288,0.0023306154816700882,0.005497582655484853,0.0009882930360042062,0.008602759301503955,0.008532253740843916
XJTU_B2,EXP28_CROSSDOMAIN,42,B2_3C_battery-13,190,1.8506666666666665,"[76, 114, 152]",-0.49883781718284986,-0.33256355228445084,TRAIL_full,Local_linear_anchor,0.0,0.01306545143193122,0.007307399495044882,0.0094285144143344,0.01306545143193122,0.024179795450027377,0.013523560665496393,0.017449037342794863,0.024179795450027377,0.01789039390435583,0,0,0,0.028555265610922285,0.027589493664889244,0.010222898708699045,0.012467657690695204,0.00032231317696607836,0.02905741445951654,0.03264238764200251
XJTU_B2,EXP28_CROSSDOMAIN,42,B2_3C_battery-14,70,1.843,"[28, 42, 56]",-0.4533516958848902,-0.8323264630157032,TRAIL_Lite,Local_linear_anchor,0.0,0.03181172934318258,0.01987554772055928,0.016687459320249492,0.03181172934318258,0.0586290171794855,0.03663063444899075,0.030754987527219814,0.0586290171794855,0.03615404614535767,0,0,0,0.07528023637847309,0.08992958453372138,0.0017270421186381874,0.0033872857393637094,0.0001127705950311848,0.005206082122883696,0.005052488983606147
XJTU_B2,EXP28_CROSSDOMAIN,42,B2_3C_battery-14,130,1.843,"[52, 78, 104]",0.6653856584293839,0.5869415260712175,TRAIL_Lite,TRAIL_Lite,0.6653856584293839,0.010557013541864486,0.006557898288608775,0.006203117743814128,0.0008736179718828373,0.019456575957656246,0.012086206545905972,0.011432346001849437,0.001610077922180069,0.0009602283889134742,1,0,0,0.001952394104767619,0.0021953788031769017,0.006940331590792342,0.013653288364014058,0.0009946704187244353,0.030430343393806528,0.036097495724605716
XJTU_B2,EXP28_CROSSDOMAIN,42,B2_3C_battery-15,70,1.836,"[28, 42, 56]",0.04232452507441073,-0.5766101593917811,TRAIL_Lite,TRAIL_Lite,0.04232452507441073,0.02861978108428355,0.09595836150903253,0.06282837718383104,0.02335760528366043,0.0525459180707446,0.17617955173058372,0.1153529005095138,0.04288456330080055,0.027045595498258503,1,0,1,0.054967744628953166,0.0659775066833644,0.0026239094462013426,0.00547314494422354,0.0013256883746333573,0.010444165557812076,0.009823913185387938
XJTU_B2,EXP28_CROSSDOMAIN,42,B2_3C_battery-15,130,1.836,"[52, 78, 104]",-0.22876586347425987,0.1812982465759111,TRAIL_full,TRAIL_full,0.1812982465759111,0.016850054451322247,0.02027544880915143,0.0056534543211704475,0.012789630683698958,0.030936699972627643,0.03722572401360203,0.010379742133668941,0.023481761935271288,0.017881336820578447,1,0,0,0.02701735576115634,0.028610910769197855,0.005957792165015141,0.010757454975559846,0.001517691899413125,0.023424177504759728,0.02465476568265382
XJTU_B2,EXP28_CROSSDOMAIN,42,B2_3C_battery-2,70,1.9433333333333334,"[28, 42, 56]",0.5131790536908107,0.7911440417174552,TRAIL_full,TRAIL_full,0.7911440417174552,0.037890166619843686,0.02451308895893089,0.00772913849930981,0.010809991646287282,0.07363322379789623,0.04763710287685569,0.01502029248365873,0.021007417099284952,0.011286986258449249,1,0,0,0.020570622438151057,0.048732060475437815,0.0015536830430966841,0.0029057814588142527,0.0008992813118046635,0.004627224545209838,0.00532866148234765
XJTU_B2,EXP28_CROSSDOMAIN,42,B2_3C_battery-2,130,1.9433333333333334,"[52, 78, 104]",-0.09476130471309134,-0.4738251685605744,TRAIL_Lite,Local_linear_anchor,0.0,0.04389882273953189,0.024967839956744373,0.014161847757598909,0.04389882273953189,0.08531004552382364,0.04852083564927323,0.02752119080893388,0.08531004552382364,0.055236377782874255,0,0,0,0.10078535774055644,0.12933924469415778,0.006481608193050232,0.010515625448257546,0.00241478708973023,0.020291624593228967,0.018414886580235684
XJTU_B2,EXP28_CROSSDOMAIN,42,B2_3C_battery-2,190,1.9433333333333334,"[76, 114, 152]",-0.6237955001655784,-0.018691806524261494,TRAIL_full,Local_linear_anchor,0.0,0.03679928000366024,0.02701495933936193,0.036684723845945476,0.03679928000366024,0.07151326747377974,0.05249907098282668,0.07129064667395404,0.07151326747377974,0.047153222621183204,0,0,0,0.08670334365745941,0.09800734372514897,0.0028161591371429415,0.0036094425100544904,0.00011045362507062671,0.008064448151635886,0.007915329927324284
XJTU_B2,EXP28_CROSSDOMAIN,42,B2_3C_battery-3,70,1.9173333333333333,"[28, 42, 56]",0.8203555809298421,0.7868751415558015,TRAIL_Lite,TRAIL_Lite,0.8203555809298421,0.08029408388991323,0.04718807313418728,0.03901307681866187,0.05308833000810859,0.15395052351159363,0.09047526555594841,0.07480107262031435,0.10178802473554688,0.06860192258839326,1,0,0,0.12036555607124351,0.1297637504502342,0.001448641313709048,0.0033789395153184525,0.00038825541165269896,0.005365511158148247,0.005229419797878081
XJTU_B2,EXP28_CROSSDOMAIN,42,B2_3C_battery-3,130,1.9173333333333333,"[52, 78, 104]",-0.4476705793048794,0.3262444725747452,TRAIL_full,TRAIL_full,0.3262444725747452,0.04568855663137452,0.0460051838283644,0.04959867109609441,0.046891625410775434,0.08760019258122208,0.08820727246025069,0.09509718538157834,0.0899068764542601,0.05439102406909825,1,1,1,0.11176766129026862,0.11576748262123926,0.0019175860946378475,0.002869106959577595,0.0004293255093735227,0.003203554389426881,0.00419641926680371
XJTU_B2,EXP28_CROSSDOMAIN,42,B2_3C_battery-3,190,1.9173333333333333,"[76, 114, 152]",-4.540974639180407,0.10498011991280273,TRAIL_full,TRAIL_full,0.10498011991280273,0.06038594625825691,0.04413889145925821,0.05479283169565912,0.059792738938432344,0.11577998762583125,0.08462896789121774,0.10505612263781042,0.11464261145795428,0.08725922680455267,1,0,0,0.13042198411489836,0.11564310100492058,0.001415044012724187,0.0021344825828418464,0.0005425995461396233,0.002975484444546122,0.003806749561210575
XJTU_B2,EXP28_CROSSDOMAIN,42,B2_3C_battery-4,70,1.907333333333333,"[28, 42, 56]",0.19284032280915392,0.6787476123986961,TRAIL_full,TRAIL_full,0.6787476123986961,0.056891482345488575,0.03371648847050237,0.05478966122070878,0.05541646913844907,0.1085110206602952,0.06430858234273817,0.10450214716829853,0.10569767880340185,0.0750187032017742,1,0,0,0.1235204944182644,0.14610916896036755,0.0021481666926824313,0.004570635217625568,0.0005725904788672665,0.008190886306005868,0.008110466271039203
XJTU_B2,EXP28_CROSSDOMAIN,42,B2_3C_battery-4,130,1.907333333333333,"[52, 78, 104]",-1.0800162851081354,-0.16667589830797752,TRAIL_full,Local_linear_anchor,0.0,0.024182324293071693,0.013677186365672502,0.06610809019400202,0.024182324293071693,0.046123753201652073,0.02608695346145935,0.12609016403002649,0.046123753201652073,0.02917780372872252,0,0,1,0.05054633040484423,0.07654432645548861,0.0034180683726642777,0.005850341590012947,0.0017979372348774234,0.012305642096236963,0.0112577198733522
XJTU_B2,EXP28_CROSSDOMAIN,42,B2_3C_battery-4,190,1.907333333333333,"[76, 114, 152]",-2.691151364264834,-1.829735640364197,TRAIL_full,Local_linear_anchor,0.0,0.04535554880477601,0.019840915199200785,0.013194244155855895,0.04535554880477601,0.0865081500869761,0.037843238923275624,0.025165821686602474,0.0865081500869761,0.0650652747880169,0,0,0,0.09885995789914781,0.10492520207342512,0.004778797559092262,0.010314578647770774,0.0007130632125703302,0.019130196269589485,0.018519430407667254
XJTU_B2,EXP28_CROSSDOMAIN,42,B2_3C_battery-5,70,1.914,"[28, 42, 56]",0.7043990256475151,0.5506747638645646,TRAIL_Lite,TRAIL_Lite,0.7043990256475151,0.05406127869622286,0.03640465143399741,0.035286950251009704,0.041450375363548786,0.10347328742457056,0.06967850284467104,0.06753922278043258,0.07933601844583238,0.059300696104429354,1,0,0,0.08810901494650904,0.0965087259258348,0.0010253063013546228,0.001490529323769277,0.0003865203391960623,0.0030491614899834326,0.0029721554045641333
XJTU_B2,EXP28_CROSSDOMAIN,42,B2_3C_battery-5,130,1.914,"[52, 78, 104]",-0.060549454193953675,0.44673920310619386,TRAIL_full,TRAIL_full,0.44673920310619386,0.04107490901316207,0.0267030017503337,0.04037991825845849,0.04068964454847281,0.07861737585119219,0.051109545350138695,0.07728716354668955,0.07787997966577696,0.04920054457254777,1,0,0,0.09736289011872656,0.10538045147777822,0.0034107556141729396,0.006016759751400273,0.0019445184500684924,0.011175325136208506,0.010288810032413028
XJTU_B2,EXP28_CROSSDOMAIN,42,B2_3C_battery-5,190,1.914,"[76, 114, 152]",-8.925562572406296,-4.525395526207224,TRAIL_full,Local_linear_anchor,0.0,0.043728365608645035,0.004427159351678844,0.019994567869875732,0.043728365608645035,0.0836960917749466,0.008473582999113306,0.03826960290294215,0.0836960917749466,0.06046359154280314,0,0,0,0.09934184663701628,0.0981977434184144,0.0031570914011474958,0.006636942749440997,0.0009723040266107573,0.01088395276380295,0.011056057604983306
XJTU_B2,EXP28_CROSSDOMAIN,42,B2_3C_battery-6,70,1.9063333333333334,"[28, 42, 56]",0.6441182604812616,0.6697812129050634,TRAIL_full,TRAIL_full,0.6697812129050634,0.044975630424146644,0.027156391681003575,0.04065211741058041,0.04194482128177431,0.08573854346523156,0.05176913467455315,0.07749648649036979,0.07996081097015577,0.048585317976539755,1,0,0,0.09350063460976508,0.14359739298102697,0.0011349442726930447,0.001421478733705638,6.60220541406336e-05,0.0031668832522579074,0.0034744000984573546
XJTU_B2,EXP28_CROSSDOMAIN,42,B2_3C_battery-6,130,1.9063333333333334,"[52, 78, 104]",0.204892878716915,0.46853490736100606,TRAIL_full,TRAIL_full,0.46853490736100606,0.04417767673213811,0.02622737923580667,0.048885961085457286,0.046342820474835976,0.08421737774369929,0.049998127283192785,0.09319293714924341,0.08834486343186232,0.05511510049821849,1,1,1,0.10957615422714366,0.13630359980770188,0.0027683124926797162,0.0050653300723373035,0.001328253279443935,0.008912672782632311,0.008695029874126929
XJTU_B2,EXP28_CROSSDOMAIN,42,B2_3C_battery-6,190,1.9063333333333334,"[76, 114, 152]",-3.831625762021678,-0.8989327402110266,TRAIL_full,Local_linear_anchor,0.0,0.03757976182684459,0.004498895484290029,0.05997870426776419,0.03757976182684459,0.0716395526292414,0.008576394424884892,0.11433940323578114,0.0716395526292414,0.04880241836897222,0,0,1,0.08768552698057067,0.10060948892753462,0.0019800896309081456,0.003535678429469112,0.00021956482673603141,0.00401742354922025,0.0050011789599522455
XJTU_B2,EXP28_CROSSDOMAIN,42,B2_3C_battery-7,70,1.921,"[28, 42, 56]",0.8647682693284836,0.8528243543632807,TRAIL_Lite,TRAIL_Lite,0.8647682693284836,0.09093143128752672,0.02979985336569456,0.0385921312509265,0.03415597035944608,0.17467927950333884,0.05724551831549925,0.0741354841330298,0.06561361906049591,0.05259704927366107,1,0,0,0.05339264508274374,0.06304806027811426,0.0010469177297436972,0.002596923355958463,0.00014051403321113006,0.003979087010188381,0.003947329838550547
XJTU_B2,EXP28_CROSSDOMAIN,42,B2_3C_battery-7,130,1.921,"[52, 78, 104]",0.29962116206058315,0.3958834940804144,TRAIL_full,TRAIL_full,0.3958834940804144,0.05057361730173103,0.030081517486370737,0.043650873714241374,0.04774577660388839,0.09715191883662531,0.057786595091318185,0.08385332840505769,0.0917196368560696,0.06196871217086326,1,0,0,0.11332310502017254,0.1086516407235548,0.0013173183006659308,0.0018022609609485197,7.749732317728479e-05,0.003333220080978054,0.0029967215776248303
XJTU_B2,EXP28_CROSSDOMAIN,42,B2_3C_battery-7,190,1.921,"[76, 114, 152]",-4.0868421639244605,-0.9872069059784988,TRAIL_full,Local_linear_anchor,0.0,0.044605650953874865,0.08705911341045297,0.005483526199386629,0.044605650953874865,0.08568745548239362,0.16724055686148015,0.010533853829021713,0.08568745548239362,0.06392254607700151,0,0,0,0.09935760282943637,0.09391828434890473,0.0018617515742731896,0.003103413031672181,2.259391600656661e-05,0.005653469097859474,0.006807146847554006
XJTU_B2,EXP28_CROSSDOMAIN,42,B2_3C_battery-8,70,1.9076666666666666,"[28, 42, 56]",0.5435165700532256,0.577112709586203,TRAIL_full,TRAIL_full,0.577112709586203,0.03619061991174889,0.041707578717240006,0.04081615794904591,0.03885410472608666,0.0690396392516463,0.07956415766625485,0.07786362398079658,0.07412068044913132,0.0457201134151773,1,1,1,0.08569764178312295,0.13554862325450942,0.0018962043855927533,0.0028272674951184042,0.0009052248787745382,0.0052749825503496765,0.005766688383261597
XJTU_B2,EXP28_CROSSDOMAIN,42,B2_3C_battery-8,130,1.9076666666666666,"[52, 78, 104]",0.028259989169658294,0.4160269395734164,TRAIL_full,TRAIL_full,0.4160269395734164,0.037045891284731805,0.04170497841580488,0.04605209853099913,0.04078010805169239,0.07067121194084004,0.07955919715788377,0.08785205329763601,0.07779485279327851,0.04710343487205448,1,1,1,0.09464933536809683,0.12795259273991472,0.003670178286239475,0.006476900714560866,0.002204833431559932,0.011550549497499285,0.011305707585528508
XJTU_B2,EXP28_CROSSDOMAIN,42,B2_3C_battery-8,190,1.9076666666666666,"[76, 114, 152]",-1.3030417731556756,-0.3242324457255183,TRAIL_full,Local_linear_anchor,0.0,0.033393627344085144,0.033497829072307465,0.0387901376511698,0.033393627344085144,0.06370390976339976,0.06390269192693854,0.07399865259254826,0.06370390976339976,0.04036286520913579,0,0,1,0.07890941034033283,0.09156376144666269,0.0046349018741187,0.00771877048755268,0.0017273952763952535,0.013940033736565946,0.014773323390645809
XJTU_B2,EXP28_CROSSDOMAIN,42,B2_3C_battery-9,70,1.848,"[28, 42, 56]",0.5366414707092705,0.7072142469560366,TRAIL_full,TRAIL_full,0.7072142469560366,0.05010470916155254,0.007037958522942069,0.03885638212102413,0.04199344054268462,0.0925935025305491,0.013006147350396945,0.0718065941596526,0.07760387812288118,0.04887639138282341,1,0,0,0.0994291640971586,0.12317478918293238,0.0018853975314026775,0.0034917822020202834,0.0013494351941595092,0.006788154592387057,0.007114214003638987
XJTU_B2,EXP28_CROSSDOMAIN,42,B2_3C_battery-9,130,1.848,"[52, 78, 104]",0.7739161179461085,0.6814519883821325,TRAIL_Lite,TRAIL_Lite,0.7739161179461085,0.032247948086110624,0.013982474082484125,0.047073369036208845,0.006235321828678845,0.05959420806313244,0.025839612104430663,0.08699158597891395,0.011522874739398507,0.008454953668055931,1,0,0,0.008816130223366428,0.023562432684722887,0.0022709553880683134,0.005135985342528051,0.0002956952996790108,0.007812610626324584,0.008948838703412601
XJTU_B2,EXP28_CROSSDOMAIN,42,B2_3C_battery-9,190,1.848,"[76, 114, 152]",0.06793203217535065,-1.3105235843752305,TRAIL_Lite,TRAIL_Lite,0.06793203217535065,0.023981063927635125,0.07488641279635883,0.014984960915072504,0.0172855645439173,0.044317006138269714,0.13839009084767112,0.027692207771053988,0.03194372327715917,0.022125125177696006,1,0,1,0.03988367816946033,0.042453021479848696,0.0030476622584195896,0.004185855067729851,0.0011101124873826845,0.008155383061114886,0.010800020740440593
XJTU_B2,EXP28_CROSSDOMAIN,2024,B2_3C_battery-1,70,1.9076666666666668,"[28, 42, 56]",0.5147663997817296,0.7811121317342119,TRAIL_full,TRAIL_full,0.7811121317342119,0.051661312268450076,0.019832179977719088,0.007679405621996321,0.017141462243429162,0.09855256337077993,0.037833188670828785,0.014649746124894983,0.03270019613971503,0.021642017756852268,1,0,0,0.03640614823861961,0.05086266589586036,0.0005200368265787568,0.0010122587966288974,4.435014274995478e-05,0.0004307566586986184,0.002252057488931629
XJTU_B2,EXP28_CROSSDOMAIN,2024,B2_3C_battery-1,130,1.9076666666666668,"[52, 78, 104]",0.22539838778081048,0.6905725674608746,TRAIL_full,TRAIL_full,0.6905725674608746,0.03453791517029841,0.0030318211852269628,0.008865588508767409,0.016780500148120697,0.06588682950653928,0.005783704214351303,0.01691258767855863,0.03201160078256492,0.018896502416536353,1,0,0,0.03855863484238057,0.049094408196959774,0.0009022244609075505,0.0012116510279817935,0.00013319572744092327,0.0023107283774422317,0.0023521121628247766
XJTU_B2,EXP28_CROSSDOMAIN,2024,B2_3C_battery-1,190,1.9076666666666668,"[76, 114, 152]",0.2574672568352217,0.13367151646138103,TRAIL_Lite,TRAIL_Lite,0.2574672568352217,0.04432444486909288,0.007935512646541291,0.009230341062142447,0.03494303839020395,0.08455626599527286,0.015138312958718605,0.017608413966213744,0.06665966956904573,0.04759982185879018,1,0,0,0.0794373988917459,0.08300989149880511,0.002766586611282323,0.004637012076161864,0.0016814674920080839,0.009085638721661772,0.009702872487247185
XJTU_B2,EXP28_CROSSDOMAIN,2024,B2_3C_battery-10,70,1.8739999999999999,"[28, 42, 56]",-0.7466266587371313,-0.8196666365408567,TRAIL_Lite,Local_linear_anchor,0.0,0.029196594710291113,0.023646500095363936,0.006786597742747597,0.029196594710291113,0.054714418487085546,0.044313541178712015,0.012718084169908996,0.054714418487085546,0.033563595190974356,0,0,0,0.06819326024324539,0.08562714618610824,0.0009876957224587576,0.0010828795708451371,6.800650675366259e-05,0.001995090466921879,0.0019739959130546303
XJTU_B2,EXP28_CROSSDOMAIN,2024,B2_3C_battery-10,130,1.8739999999999999,"[52, 78, 104]",0.314049874172634,0.7224269851962549,TRAIL_full,TRAIL_full,0.7224269851962549,0.016940495660691886,0.013589549582284132,0.022502649914483166,0.011578120052934286,0.031746488868136594,0.02546681591720046,0.04216996593974145,0.02169739697919885,0.014809630832612657,1,0,1,0.026759653508557836,0.02632012923511596,0.003387196959723088,0.008919477972122733,0.0004694854582282833,0.01932897745269321,0.021637290039155568
XJTU_B2,EXP28_CROSSDOMAIN,2024,B2_3C_battery-11,70,1.8490000000000002,"[28, 42, 56]",-1.1082259373019274,-1.1390701642965557,TRAIL_Lite,Local_linear_anchor,0.0,0.030665364994062312,0.021305574796907444,0.001743092888770798,0.030665364994062312,0.05670025987402122,0.039394007799481864,0.0032229787513372056,0.05670025987402122,0.03652269880004499,0,0,0,0.07184063765427502,0.0840772507164022,0.0034402344493826846,0.005101642372558205,0.0013371209868017087,0.010756996169692072,0.010285178043554447
XJTU_B2,EXP28_CROSSDOMAIN,2024,B2_3C_battery-12,70,1.8416666666666668,"[28, 42, 56]",0.3170048265451629,-0.4704796629211896,TRAIL_Lite,TRAIL_Lite,0.3170048265451629,0.036236709191346396,0.01755346562010257,0.019714601962042534,0.02991439427662317,0.06673593942739628,0.03232763251702224,0.036307725280095,0.05509234279278101,0.030430210150113945,1,0,0,0.0698948757772602,0.0973736427385115,0.0026154115400361215,0.004171589975488726,0.0009063363671983839,0.00850260604889103,0.0075834233605176285
XJTU_B2,EXP28_CROSSDOMAIN,2024,B2_3C_battery-12,130,1.8416666666666668,"[52, 78, 104]",0.6043773361309619,0.5683722175760006,TRAIL_Lite,TRAIL_Lite,0.6043773361309619,0.03675669798013059,0.03442848487562084,0.014583393482703651,0.035344108955542256,0.0676935854467405,0.06340579297926839,0.026857749663979226,0.06509206732645699,0.045142718196843026,1,0,0,0.08156348929907277,0.08897364052889446,0.003060562025695915,0.004847848128075674,0.0010886428386088203,0.008832550969746883,0.009598195076605259
XJTU_B2,EXP28_CROSSDOMAIN,2024,B2_3C_battery-12,190,1.8416666666666668,"[76, 114, 152]",0.009884567945306608,0.4131778957457235,TRAIL_full,TRAIL_full,0.4131778957457235,0.008022648037090295,0.0014376173993878646,0.0027087090846025013,0.0058183424295542565,0.014775043468307962,0.002647612043872651,0.004988539230809607,0.010715447307762423,0.0077356553501516075,1,0,0,0.012559235481920717,0.013425866852393858,0.007722980843768867,0.015348241821299057,0.002963643739636668,0.03320328041400067,0.029751450378970378
XJTU_B2,EXP28_CROSSDOMAIN,2024,B2_3C_battery-13,70,1.8506666666666665,"[28, 42, 56]",0.37693701066194696,-0.10563881064027643,TRAIL_Lite,TRAIL_Lite,0.37693701066194696,0.04306425267924373,0.016752190455441192,0.03275752897362901,0.03239672832738029,0.07969757695838706,0.031002720469536497,0.060623266953862755,0.05995554522453845,0.03359148780738649,1,0,0,0.07589979870481316,0.10053949378123897,0.0031149109526323777,0.005870504092238463,0.002295378860919308,0.011261781941041289,0.010378386440371267
XJTU_B2,EXP28_CROSSDOMAIN,2024,B2_3C_battery-13,130,1.8506666666666665,"[52, 78, 104]",0.7111514997344728,0.8109566668459112,TRAIL_full,TRAIL_full,0.8109566668459112,0.04474653628611633,0.0359215927047857,0.040205756311172444,0.04106340751994419,0.08281092315350594,0.0664788942323234,0.07440745301320979,0.07599467951691004,0.05348711880433684,1,0,0,0.09430077506994496,0.09807529818735453,0.0021261157310214275,0.005158581996335673,0.0002211029900518513,0.007191528633835282,0.007380834009579693
XJTU_B2,EXP28_CROSSDOMAIN,2024,B2_3C_battery-13,190,1.8506666666666665,"[76, 114, 152]",-0.2392591211253528,-0.30272016200155133,TRAIL_Lite,Local_linear_anchor,0.0,0.01306545143193122,0.0020630758678646982,0.00577237783344285,0.01306545143193122,0.024179795450027377,0.003818065739461601,0.010682747243758233,0.024179795450027377,0.01789039390435583,0,0,0,0.028555265610922285,0.027589493664889244,0.006969729651901744,0.009702215086079614,0.0023491143275589065,0.02024481780570791,0.02116924502222365
XJTU_B2,EXP28_CROSSDOMAIN,2024,B2_3C_battery-14,70,1.843,"[28, 42, 56]",0.6621042156924315,0.515645305334309,TRAIL_Lite,TRAIL_Lite,0.6621042156924315,0.03181172934318258,0.04202860918581564,0.04047326454411109,0.01713169246463626,0.0586290171794855,0.07745872672945822,0.07459222655479673,0.03157370921232463,0.01940492600840104,1,0,1,0.038614095808269217,0.05011028724194073,0.0019398641429930667,0.003995603713006999,0.001382247752169858,0.006581522712300161,0.006575586037916315
XJTU_B2,EXP28_CROSSDOMAIN,2024,B2_3C_battery-14,130,1.843,"[52, 78, 104]",0.20395618313555858,0.36342689242020726,TRAIL_full,TRAIL_full,0.36342689242020726,0.010557013541864486,0.007216222771531526,0.004256874152599595,0.005174853969027325,0.019456575957656246,0.013299498567932602,0.007845419063241054,0.00953725586491736,0.00733576493604,1,0,0,0.010568506740923784,0.010563781325710163,0.009748561086380031,0.01510813484743703,0.0018869135414934877,0.03514109921978798,0.047718471671692145
XJTU_B2,EXP28_CROSSDOMAIN,2024,B2_3C_battery-15,70,1.836,"[28, 42, 56]",0.5023529416048385,-0.16498738867152704,TRAIL_Lite,TRAIL_Lite,0.5023529416048385,0.02861978108428355,0.11915391994379082,0.11108959148463275,0.04564422719999698,0.0525459180707446,0.21876659701679996,0.20396048996578575,0.08380280113919446,0.05406402527463402,1,1,1,0.10660671351050759,0.11780756524083105,0.0023797612744529324,0.005081479291069735,0.0015012454392911636,0.008606971530207107,0.008503585896164009
XJTU_B2,EXP28_CROSSDOMAIN,2024,B2_3C_battery-15,130,1.836,"[52, 78, 104]",-0.3993481282405796,-0.22419639477009085,TRAIL_full,Local_linear_anchor,0.0,0.016850054451322247,0.018530939149093997,0.019985308789598758,0.016850054451322247,0.030936699972627643,0.03402280427773658,0.03669302693770332,0.030936699972627643,0.023371584781733377,0,0,1,0.035818687197907165,0.038358074855406564,0.012489625690487914,0.018741105092679258,0.0026550969248167085,0.04334024754504265,0.058853482517393224
XJTU_B2,EXP28_CROSSDOMAIN,2024,B2_3C_battery-2,70,1.9433333333333334,"[28, 42, 56]",0.5398863595456967,0.6109386611543399,TRAIL_full,TRAIL_full,0.6109386611543399,0.037890166619843686,0.0461838155080946,0.043182380296734,0.04099835340330618,0.07363322379789623,0.08975054813739716,0.08391775904331973,0.07967346678042501,0.053442243957812365,1,1,1,0.09008921342772588,0.12872833428292305,0.0016232191785859609,0.002409311809154746,0.0007614030905157591,0.00428319641153522,0.005151810514024372
XJTU_B2,EXP28_CROSSDOMAIN,2024,B2_3C_battery-2,130,1.9433333333333334,"[52, 78, 104]",-0.3523940511727664,-0.2033599355836453,TRAIL_full,Local_linear_anchor,0.0,0.04389882273953189,0.023248826846324695,0.04035790070628546,0.04389882273953189,0.08531004552382364,0.04518022017135766,0.07842885370588142,0.08531004552382364,0.055236377782874255,0,0,0,0.10078535774055644,0.12933924469415778,0.0049329661752335495,0.007755417153354489,0.001622567861273818,0.015255815100037434,0.014206312708164135
XJTU_B2,EXP28_CROSSDOMAIN,2024,B2_3C_battery-2,190,1.9433333333333334,"[76, 114, 152]",-0.10617388905030742,-0.3161219419556256,TRAIL_Lite,Local_linear_anchor,0.0,0.03679928000366024,0.02810767090164038,0.03773574701027125,0.03679928000366024,0.07151326747377974,0.05462257378552114,0.07333313502329379,0.07151326747377974,0.047153222621183204,0,0,0,0.08670334365745941,0.09800734372514897,0.006642771842379771,0.014049058159864278,0.001959734789452224,0.024130312540906206,0.023050314490335306
XJTU_B2,EXP28_CROSSDOMAIN,2024,B2_3C_battery-3,70,1.9173333333333333,"[28, 42, 56]",0.8041128788077705,0.7784011600920813,TRAIL_Lite,TRAIL_Lite,0.8041128788077705,0.08029408388991323,0.036761749052114594,0.04526989955119838,0.04509098810652918,0.15395052351159363,0.07048452684925438,0.08679748740616436,0.08645445452958528,0.05512161644182705,1,0,0,0.10367851254944059,0.11321063629267167,0.000994975102877773,0.0022152591799247125,7.217963032130005e-05,0.0035364671741355794,0.003809897368598064
XJTU_B2,EXP28_CROSSDOMAIN,2024,B2_3C_battery-3,130,1.9173333333333333,"[52, 78, 104]",0.0721709016841205,0.04798603011769358,TRAIL_Lite,TRAIL_Lite,0.0721709016841205,0.04568855663137452,0.03901653556547644,0.050088473879271886,0.04516686166531291,0.08760019258122208,0.0748077041908735,0.09603630058452396,0.08659992943295995,0.05274054319044389,1,0,0,0.10601165229801632,0.11301589026513564,0.0019973842878991043,0.0029609498763767464,0.0005875051615734485,0.0060947410033199735,0.0047215473668464365
XJTU_B2,EXP28_CROSSDOMAIN,2024,B2_3C_battery-3,190,1.9173333333333333,"[76, 114, 152]",-2.0218848146290544,-2.256407891511748,TRAIL_Lite,Local_linear_anchor,0.0,0.06038594625825691,0.04512929667550934,0.05819452345563596,0.06038594625825691,0.11577998762583125,0.08652790482584324,0.11157829963893934,0.11577998762583125,0.08796531189595709,0,0,0,0.13196811447973847,0.11761431756814594,0.0031651406834564168,0.005377102953000002,0.002150652104395204,0.009235789794622341,0.008815218434522388
XJTU_B2,EXP28_CROSSDOMAIN,2024,B2_3C_battery-4,70,1.907333333333333,"[28, 42, 56]",0.3291363138849327,0.7088055028626615,TRAIL_full,TRAIL_full,0.7088055028626615,0.056891482345488575,0.008153611542750674,0.03938745856092954,0.04448159674475343,0.1085110206602952,0.015551655082539783,0.07512501262854626,0.0848412321911597,0.06312678916399181,1,0,0,0.09458208230467782,0.11489962206535624,0.0016459332979576037,0.0033458607660161,0.0006254271673203449,0.005853770175497495,0.00596919909522143
XJTU_B2,EXP28_CROSSDOMAIN,2024,B2_3C_battery-4,130,1.907333333333333,"[52, 78, 104]",-0.1834771177524895,-0.4804605410874114,TRAIL_Lite,Local_linear_anchor,0.0,0.024182324293071693,0.022322140684349498,0.017577850178008735,0.024182324293071693,0.046123753201652073,0.042575762998615936,0.033526819572855325,0.046123753201652073,0.02917780372872252,0,0,0,0.05054633040484423,0.07654432645548861,0.00379722695037988,0.006649718790992956,0.0025389416382649386,0.013055580214397467,0.012388269370438087
XJTU_B2,EXP28_CROSSDOMAIN,2024,B2_3C_battery-4,190,1.907333333333333,"[76, 114, 152]",-0.7727904064258319,-1.7866439149741993,TRAIL_Lite,Local_linear_anchor,0.0,0.04535554880477601,0.018685494953824315,0.01436210129857749,0.04535554880477601,0.0865081500869761,0.03563946737526091,0.027393314543486796,0.0865081500869761,0.0650652747880169,0,0,0,0.09885995789914781,0.10492520207342512,0.004257577622033546,0.006708185248659955,0.0017719430570922517,0.009423210836007263,0.011410279025651492
XJTU_B2,EXP28_CROSSDOMAIN,2024,B2_3C_battery-5,70,1.914,"[28, 42, 56]",0.687836327032323,0.777331600968234,TRAIL_full,TRAIL_full,0.777331600968234,0.05406127869622286,0.005280100163549137,0.04088226601966583,0.04380395740558148,0.10347328742457056,0.010106111713033048,0.0782486571616404,0.08384077447428295,0.05636734425883489,1,0,0,0.09822610863823365,0.118179880720821,0.0008132501410717637,0.0011426387474239594,2.01091401209393e-05,0.002308598752411092,0.0025334976060760704
XJTU_B2,EXP28_CROSSDOMAIN,2024,B2_3C_battery-5,130,1.914,"[52, 78, 104]",0.5439970531055559,0.3923376236780203,TRAIL_Lite,TRAIL_Lite,0.5439970531055559,0.04107490901316207,0.008759636606966189,0.04001512612095282,0.014628491756701903,0.07861737585119219,0.016765944465733283,0.0765889513955037,0.02799893322232744,0.016751110067751294,1,0,0,0.03440226524237146,0.032917310312833375,0.0025492950762413705,0.004289777925721025,0.00171869427013541,0.007344796053027308,0.007340780424171296
XJTU_B2,EXP28_CROSSDOMAIN,2024,B2_3C_battery-5,190,1.914,"[76, 114, 152]",-1.0312849175855212,-4.554498167333429,TRAIL_Lite,Local_linear_anchor,0.0,0.043728365608645035,0.004977627821218003,0.013916345996771402,0.043728365608645035,0.0836960917749466,0.009527179649811259,0.026635886237820462,0.0836960917749466,0.06046359154280314,0,0,0,0.09934184663701628,0.0981977434184144,0.0025503870948972063,0.004049089684818243,0.0012765031668677588,0.008259097512070657,0.008596399930506086
XJTU_B2,EXP28_CROSSDOMAIN,2024,B2_3C_battery-6,70,1.9063333333333334,"[28, 42, 56]",0.6104114202910367,0.8099048335100143,TRAIL_full,TRAIL_full,0.8099048335100143,0.044975630424146644,0.006564538700401788,0.007601031841853167,0.0038430830575824607,0.08573854346523156,0.012514198942532608,0.014490100367852756,0.007326197335438031,0.005003781116325908,1,0,0,0.003324078876587558,0.019464936873159228,0.0005710351397627042,0.0008095601357070878,0.0001814777165965951,0.00134320970925755,0.0015272312451601866
XJTU_B2,EXP28_CROSSDOMAIN,2024,B2_3C_battery-6,130,1.9063333333333334,"[52, 78, 104]",0.49878893264029367,0.5901598851889345,TRAIL_full,TRAIL_full,0.5901598851889345,0.04417767673213811,0.011850062935345886,0.008940173163271425,0.013560108624140617,0.08421737774369929,0.02259016997574771,0.017042950106916428,0.025850087073820065,0.01563721712510024,1,0,0,0.031206655306252645,0.04861058602247078,0.0017680683467334545,0.0026304428988324162,0.0006934237302775748,0.004868971475479795,0.004981646348275182
XJTU_B2,EXP28_CROSSDOMAIN,2024,B2_3C_battery-6,190,1.9063333333333334,"[76, 114, 152]",-1.0178187280973805,-0.1407639214471244,TRAIL_full,Local_linear_anchor,0.0,0.03757976182684459,0.00972118650543134,0.011773920377185198,0.03757976182684459,0.0716395526292414,0.018531821874853947,0.022445016879040717,0.0716395526292414,0.04880241836897222,0,0,0,0.08768552698057067,0.10060948892753462,0.002697711957794713,0.004257131078410366,0.00041124012946761523,0.008465409720388404,0.008037092219201155
XJTU_B2,EXP28_CROSSDOMAIN,2024,B2_3C_battery-7,70,1.921,"[28, 42, 56]",0.8493870743097228,0.7165627236855799,TRAIL_Lite,TRAIL_Lite,0.8493870743097228,0.09093143128752672,0.06761802806659205,0.037030538088898814,0.07111716912436906,0.17467927950333884,0.12989423191592334,0.07113566366877462,0.13661608188791297,0.0991835659591946,1,0,0,0.160624180606328,0.15996412553449607,0.00114674927159675,0.002855035880811826,5.5525705962953305e-05,0.004028132985943254,0.0043961566877674324
XJTU_B2,EXP28_CROSSDOMAIN,2024,B2_3C_battery-7,130,1.921,"[52, 78, 104]",0.4254476817189811,0.49717440774508936,TRAIL_full,TRAIL_full,0.49717440774508936,0.05057361730173103,0.056540142064343456,0.041864799890070616,0.045860267926154746,0.09715191883662531,0.10861361290560378,0.08042228058882565,0.08809757468614327,0.06211773641355414,1,0,0,0.10669902720512688,0.09551722452171615,0.0017971265945844882,0.0023219082851614146,6.96473411842622e-05,0.0028142384034321355,0.00457736948852584
XJTU_B2,EXP28_CROSSDOMAIN,2024,B2_3C_battery-7,190,1.921,"[76, 114, 152]",-3.7454124212202675,-0.6278073909125987,TRAIL_full,Local_linear_anchor,0.0,0.044605650953874865,0.0077343889709779075,0.004958348391640168,0.044605650953874865,0.08568745548239362,0.01485776121324856,0.009524987260340763,0.08568745548239362,0.06392254607700151,0,0,0,0.09935760282943637,0.09391828434890473,0.0025746264481988977,0.0035029009940520015,0.0008629404455286155,0.006357772480769748,0.009588117749130638
XJTU_B2,EXP28_CROSSDOMAIN,2024,B2_3C_battery-8,70,1.9076666666666666,"[28, 42, 56]",0.6508062802683869,0.5860523978780976,TRAIL_Lite,TRAIL_Lite,0.6508062802683869,0.03619061991174889,0.026079165614737016,0.038070324886223236,0.029597033530138938,0.0690396392516463,0.04975035493771331,0.07262548977461852,0.056461274297661714,0.03588564121987541,1,0,0,0.06269992007293866,0.10584046852641113,0.0013116341569454264,0.0018423289938246687,0.0004776805238314929,0.0035991112819194755,0.0034482943125228346
XJTU_B2,EXP28_CROSSDOMAIN,2024,B2_3C_battery-8,130,1.9076666666666666,"[52, 78, 104]",0.29594361834886435,0.20057260890700493,TRAIL_Lite,TRAIL_Lite,0.29594361834886435,0.037045891284731805,0.021713203696268203,0.029947905838891568,0.03247904529092839,0.07067121194084004,0.041421554917914306,0.05713062170532548,0.061959192066661055,0.036433369353830625,1,0,0,0.0745642957377937,0.10609271163541123,0.003897878012211198,0.006130359616394959,0.001971128705237579,0.010621074671678698,0.01060890462852555
XJTU_B2,EXP28_CROSSDOMAIN,2024,B2_3C_battery-8,190,1.9076666666666666,"[76, 114, 152]",-0.07280377006993134,-0.7035173173099722,TRAIL_Lite,Local_linear_anchor,0.0,0.033393627344085144,0.028178707668827678,0.026939598540106073,0.033393627344085144,0.06370390976339976,0.05375558132956693,0.05139177414834235,0.06370390976339976,0.04036286520913579,0,0,0,0.07890941034033283,0.09156376144666269,0.0029266522510363276,0.006253037129096085,0.0009610301868102517,0.00898905752814264,0.009766595719093399
XJTU_B2,EXP28_CROSSDOMAIN,2024,B2_3C_battery-9,70,1.848,"[28, 42, 56]",0.7277351160928897,0.25045237697824896,TRAIL_Lite,TRAIL_Lite,0.7277351160928897,0.05010470916155254,0.04921727036853961,0.05865139549064276,0.022226821860854718,0.0925935025305491,0.0909535156410612,0.10838777886670782,0.04107516679885952,0.02650274180999975,1,0,0,0.052695708589139266,0.06751248915782676,0.0024533489082001255,0.004594380252894317,0.0020706118132608276,0.00836591288513295,0.00810536699819946
XJTU_B2,EXP28_CROSSDOMAIN,2024,B2_3C_battery-9,130,1.848,"[52, 78, 104]",0.7068160807757163,0.5226014573185835,TRAIL_Lite,TRAIL_Lite,0.7068160807757163,0.032247948086110624,0.00739393370528626,0.01827918366426483,0.0062245007404525664,0.05959420806313244,0.01366398948736901,0.03377993141156141,0.011502877368356344,0.00932727986301682,1,0,0,0.009253349138258978,0.018768899610154703,0.0027971125006781158,0.006660604896544852,0.0006935012631990844,0.013173555506018463,0.013758448074095462
XJTU_B2,EXP28_CROSSDOMAIN,2024,B2_3C_battery-9,190,1.848,"[76, 114, 152]",0.4397180497938022,-0.33370892810962666,TRAIL_Lite,TRAIL_Lite,0.4397180497938022,0.023981063927635125,0.018896138602239484,0.0037095299248649433,0.0069849219511901916,0.044317006138269714,0.034920064136938565,0.006855211301150415,0.012908135765799475,0.007629841370194366,1,0,0,0.014408775316527197,0.023209906411035076,0.0028860142483711697,0.006419660444594755,0.0010749192509592232,0.01448243335222068,0.015284107139837494
XJTU_B2,EXP28_CROSSDOMAIN,3407,B2_3C_battery-1,70,1.9076666666666668,"[28, 42, 56]",0.7303459549520546,0.8304217120367485,TRAIL_full,TRAIL_full,0.8304217120367485,0.051661312268450076,0.017380873991610618,0.03158895929162344,0.03485195071401921,0.09855256337077993,0.03315691395132919,0.060261204675320326,0.06648590464544399,0.05088757592744579,1,0,0,0.07235157756784698,0.08318646856554258,0.0011642746792616715,0.002633666398663928,0.0005247582266201275,0.0033689627878753844,0.004350270130158214
XJTU_B2,EXP28_CROSSDOMAIN,3407,B2_3C_battery-1,130,1.9076666666666668,"[52, 78, 104]",0.12799593840067444,-0.18643619393821104,TRAIL_Lite,TRAIL_Lite,0.12799593840067444,0.03453791517029841,0.016027055437691697,0.05168019145874037,0.03213827620267747,0.06588682950653928,0.030574279423303197,0.0985885785727904,0.061309118235974396,0.03562449089550739,1,0,0,0.07440901782600375,0.09569231247457416,0.00283635876674005,0.0043468296205582645,0.0013057935649233498,0.0093453151029473,0.0084675079735732
XJTU_B2,EXP28_CROSSDOMAIN,3407,B2_3C_battery-1,190,1.9076666666666668,"[76, 114, 152]",-0.25391814419658465,-0.8530327589932832,TRAIL_Lite,Local_linear_anchor,0.0,0.04432444486909288,0.01947919047217914,0.016569346181708175,0.04432444486909288,0.08455626599527286,0.03715980235742707,0.031608789399305295,0.08455626599527286,0.060644005202329154,0,0,0,0.10035459397189345,0.10490719398388672,0.0026329401023109486,0.004964624494670513,0.0005443044990695247,0.006700017344721848,0.007397806622717222
XJTU_B2,EXP28_CROSSDOMAIN,3407,B2_3C_battery-10,70,1.8739999999999999,"[28, 42, 56]",-1.0028542027886487,-0.6113415501224692,TRAIL_full,Local_linear_anchor,0.0,0.029196594710291113,0.009813638708142993,0.024771769677731984,0.029196594710291113,0.054714418487085546,0.01839075893905997,0.04642229637606973,0.054714418487085546,0.033563595190974356,0,0,0,0.06819326024324539,0.08562714618610824,0.0015500708384745378,0.002244051683547856,0.0006090007191303524,0.004797191903194097,0.0049832396108142
XJTU_B2,EXP28_CROSSDOMAIN,3407,B2_3C_battery-10,130,1.8739999999999999,"[52, 78, 104]",0.6551905174394956,0.6339548351910761,TRAIL_Lite,TRAIL_Lite,0.6551905174394956,0.016940495660691886,0.022448140110836397,0.02475987584465533,0.008903017155955869,0.031746488868136594,0.042067814567707404,0.04640000733288408,0.0166842541502613,0.011255914248751622,1,0,1,0.020597651040595858,0.020369787198770223,0.004172860075448204,0.011080283949503425,0.0004644083255967007,0.023789672950660586,0.02597863282676078
XJTU_B2,EXP28_CROSSDOMAIN,3407,B2_3C_battery-11,70,1.8490000000000002,"[28, 42, 56]",-1.106455360985099,-1.3792457556413558,TRAIL_Lite,Local_linear_anchor,0.0,0.030665364994062312,0.008231274532867485,0.01922197015317256,0.030665364994062312,0.05670025987402122,0.015219626611271981,0.03554142281321607,0.05670025987402122,0.03652269880004499,0,0,0,0.07184063765427502,0.0840772507164022,0.003921294643713992,0.0059057975472935524,0.0015010283302542855,0.01253543130116028,0.011964552610465615
XJTU_B2,EXP28_CROSSDOMAIN,3407,B2_3C_battery-12,70,1.8416666666666668,"[28, 42, 56]",0.48844047856216893,0.08638902941780853,TRAIL_Lite,TRAIL_Lite,0.48844047856216893,0.036236709191346396,0.020234042208741226,0.028211171382370642,0.02838064902055498,0.06673593942739628,0.037264361067765095,0.0519555739625326,0.05226769527952209,0.03016976405883348,1,0,0,0.06644227333242232,0.09086450392812015,0.0010814253286378812,0.0017305110840675176,0.000523126746984449,0.0030188314400142694,0.0027794102260044412
XJTU_B2,EXP28_CROSSDOMAIN,3407,B2_3C_battery-12,130,1.8416666666666668,"[52, 78, 104]",0.878401026583411,0.8051651266766093,TRAIL_Lite,TRAIL_Lite,0.878401026583411,0.03675669798013059,0.028298781261633044,0.03139209417180524,0.029326889852103234,0.0676935854467405,0.052116922156840856,0.05781377343307466,0.05401035547762346,0.036910901251557764,1,0,0,0.06812755157941296,0.07530286257949495,0.0010010190551031065,0.0015248539875706943,0.0005032815440005368,0.0012091997818211436,0.0025177509428688833
XJTU_B2,EXP28_CROSSDOMAIN,3407,B2_3C_battery-12,190,1.8416666666666668,"[76, 114, 152]",0.26826791614435386,-0.13891270975999295,TRAIL_Lite,TRAIL_Lite,0.26826791614435386,0.008022648037090295,0.005266233054311301,0.001850840804205383,0.007282416116487135,0.014775043468307962,0.009698645875023313,0.0034086318144115803,0.013411783014530474,0.009813370699492084,1,0,0,0.015606457835953729,0.01650426339469828,0.007944092064337703,0.008707323950964253,0.00041827621974297076,0.01918891017841031,0.024658280109388198
XJTU_B2,EXP28_CROSSDOMAIN,3407,B2_3C_battery-13,70,1.8506666666666665,"[28, 42, 56]",-0.21784070494238367,0.2955771129685042,TRAIL_full,TRAIL_full,0.2955771129685042,0.04306425267924373,0.059890938015129624,0.03796804221560454,0.04148116924374859,0.07969757695838706,0.11083816261999987,0.07026619012701213,0.07676781721376405,0.04543187356506274,1,0,0,0.09820944896182124,0.12335925867785633,0.0035864047045711667,0.007349567492480042,0.0020766007056814855,0.01391297225795925,0.013163464998894571
XJTU_B2,EXP28_CROSSDOMAIN,3407,B2_3C_battery-13,130,1.8506666666666665,"[52, 78, 104]",0.42111121395380924,0.7979099733507482,TRAIL_full,TRAIL_full,0.7979099733507482,0.04474653628611633,0.021030041799651542,0.049222593465725856,0.048315737049980746,0.08281092315350594,0.03891959735722178,0.09109461297390331,0.08941632403383103,0.06169526127055933,1,1,1,0.11212991191640871,0.11787675456272491,0.002477665107572178,0.005514666941232851,0.0013447074245429105,0.009070367807706545,0.00892130059438171
XJTU_B2,EXP28_CROSSDOMAIN,3407,B2_3C_battery-13,190,1.8506666666666665,"[76, 114, 152]",0.1001332045849497,-0.4380242258270819,TRAIL_Lite,TRAIL_Lite,0.1001332045849497,0.01306545143193122,0.0026948855336793977,0.006221939459955014,0.012000211494476032,0.024179795450027377,0.004987334827662671,0.011514735960556745,0.022208391405776972,0.01649844131792328,1,0,0,0.026150769797895917,0.024924248137785352,0.009414213486288304,0.01909492300816884,0.004941929592102204,0.03986294465998746,0.03779001199644555
XJTU_B2,EXP28_CROSSDOMAIN,3407,B2_3C_battery-14,70,1.843,"[28, 42, 56]",-0.053442060316069906,-0.3189182184413356,TRAIL_Lite,Local_linear_anchor,0.0,0.03181172934318258,0.0013748632369215666,0.01973098753960298,0.03181172934318258,0.0586290171794855,0.0025338729456464474,0.03636421003548829,0.0586290171794855,0.03615404614535767,0,0,0,0.07528023637847309,0.08992958453372138,0.001186890297348833,0.001558204327601639,0.00024645310389787446,0.0032155211432192397,0.0033701034065698942
XJTU_B2,EXP28_CROSSDOMAIN,3407,B2_3C_battery-14,130,1.843,"[52, 78, 104]",0.7406968685017844,0.610264691903905,TRAIL_Lite,TRAIL_Lite,0.7406968685017844,0.010557013541864486,0.0032720996859918255,0.008595292622595277,0.0003788724410171226,0.019456575957656246,0.0060304797212829345,0.015841124303443095,0.0006982619087945569,0.0005648914247864923,1,0,0,0.0005272863080621219,0.0006081339272781124,0.004636424881292929,0.010580135627808395,0.0008160518106176799,0.022047513623811545,0.026483004559436304
XJTU_B2,EXP28_CROSSDOMAIN,3407,B2_3C_battery-15,70,1.836,"[28, 42, 56]",0.4001246033232155,-0.1497382270661911,TRAIL_Lite,TRAIL_Lite,0.4001246033232155,0.02861978108428355,0.10833673085568334,0.07344330486846971,0.026219446284165688,0.0525459180707446,0.19890623785103462,0.1348419077385104,0.04813890337772821,0.030467404426726727,1,0,1,0.06062286783764139,0.0691396432203421,0.001626487133595955,0.004096460455432156,0.00011170075835153533,0.005584422319004315,0.006279962737353146
XJTU_B2,EXP28_CROSSDOMAIN,3407,B2_3C_battery-15,130,1.836,"[52, 78, 104]",-0.2427026615431697,0.30929956296603595,TRAIL_full,TRAIL_full,0.30929956296603595,0.016850054451322247,0.01992478970135288,0.012524732539288574,0.007859518697488242,0.030936699972627643,0.03658191389168389,0.022995408942133824,0.014430076328588412,0.011426640754411138,1,0,0,0.015943780148655638,0.01632418637341515,0.004588430504654995,0.009075406056724552,0.001029030241322997,0.019902786468195866,0.02197346567105847
XJTU_B2,EXP28_CROSSDOMAIN,3407,B2_3C_battery-2,70,1.9433333333333334,"[28, 42, 56]",0.5787494306496848,0.5979005194790912,TRAIL_full,TRAIL_full,0.5979005194790912,0.037890166619843686,0.019124302248465598,0.01278697110950288,0.02024553247038904,0.07363322379789623,0.037164894036184816,0.024849347189467266,0.039343818100789366,0.03076593588033754,1,0,0,0.03627520132788995,0.06661690266256796,0.0027800643862048377,0.005187011620060251,0.0013972372709591713,0.008927725598834002,0.009754352363936097
XJTU_B2,EXP28_CROSSDOMAIN,3407,B2_3C_battery-2,130,1.9433333333333334,"[52, 78, 104]",0.22287877773512527,0.299842983153656,TRAIL_full,TRAIL_full,0.299842983153656,0.04389882273953189,0.023438373951776517,0.04279180138914767,0.04356359393093856,0.08531004552382364,0.04554857337961903,0.08315873403291031,0.0846585842057906,0.05452910065831495,1,0,0,0.10008672916364016,0.12907419278394386,0.006186033638097361,0.010559273274046516,0.003047537752813116,0.02112477189712585,0.019690875824804707
XJTU_B2,EXP28_CROSSDOMAIN,3407,B2_3C_battery-2,190,1.9433333333333334,"[76, 114, 152]",-0.4042554275542138,-0.5030324083410774,TRAIL_Lite,Local_linear_anchor,0.0,0.03679928000366024,0.02734187877683577,0.059946183937904574,0.03679928000366024,0.07151326747377974,0.05313438442298418,0.11649541745266122,0.07151326747377974,0.047153222621183204,0,0,0,0.08670334365745941,0.09800734372514897,0.007656450145929875,0.016154774414175357,0.0031373343900074377,0.026693167804452682,0.024154638011383706
XJTU_B2,EXP28_CROSSDOMAIN,3407,B2_3C_battery-3,70,1.9173333333333333,"[28, 42, 56]",0.9185633944686455,0.8463526796540511,TRAIL_Lite,TRAIL_Lite,0.9185633944686455,0.08029408388991323,0.0381449547688562,0.0445077194001292,0.041556427654600034,0.15395052351159363,0.07313659327682029,0.0853361339965144,0.0796775239564198,0.05706870460091693,1,0,0,0.09160197314341029,0.08914412633018932,0.0006594999927538223,0.0014131706577220039,0.00021651537325607744,0.002183212607740076,0.002396235190303846
XJTU_B2,EXP28_CROSSDOMAIN,3407,B2_3C_battery-3,130,1.9173333333333333,"[52, 78, 104]",-0.48338337667273473,-0.5509795975549445,TRAIL_Lite,Local_linear_anchor,0.0,0.04568855663137452,0.047075328329571044,0.04902515761215996,0.04568855663137452,0.08760019258122208,0.09025909618389755,0.0939975688617147,0.08760019258122208,0.05345134571329931,0,0,1,0.10666965950618941,0.11535456103511214,0.002778971101603945,0.004734470376096449,0.0015850638279151334,0.010026235862834309,0.008461698632152187
XJTU_B2,EXP28_CROSSDOMAIN,3407,B2_3C_battery-3,190,1.9173333333333333,"[76, 114, 152]",-4.91032552760999,-4.750114093725767,TRAIL_full,Local_linear_anchor,0.0,0.06038594625825691,0.053120573928529466,0.05573985002927389,0.06038594625825691,0.11577998762583125,0.10184984707896716,0.10687187245612781,0.11577998762583125,0.08796531189595709,0,0,0,0.13196811447973847,0.11761431756814594,0.00561071473274323,0.010232581848601855,0.00017197203844798942,0.01806101032548462,0.01606339404532305
XJTU_B2,EXP28_CROSSDOMAIN,3407,B2_3C_battery-4,70,1.907333333333333,"[28, 42, 56]",0.8840466801005985,0.7514001856806435,TRAIL_Lite,TRAIL_Lite,0.8840466801005985,0.056891482345488575,0.007159234311432524,0.021445104686503645,0.010756428896665445,0.1085110206602952,0.013655046243338966,0.04090296300539128,0.02051609538223989,0.01881756952068275,1,0,0,0.011978633862989698,0.016478150171596363,0.0008364575883468885,0.0018374588306018882,0.00020983521785801848,0.0033032511903563675,0.003341678018999037
XJTU_B2,EXP28_CROSSDOMAIN,3407,B2_3C_battery-4,130,1.907333333333333,"[52, 78, 104]",0.014347653028929116,-0.2808054666913812,TRAIL_Lite,TRAIL_Lite,0.014347653028929116,0.024182324293071693,0.02159884028590972,0.010526164176565657,0.023563633777343253,0.046123753201652073,0.04119618803865847,0.020076903806102893,0.04494370415798603,0.028461661495995105,1,0,0,0.04909167976026971,0.07485806874707016,0.0027879180243037343,0.004458897605704894,0.0010354268322395554,0.009863510439759816,0.008954828829667087
XJTU_B2,EXP28_CROSSDOMAIN,3407,B2_3C_battery-4,190,1.907333333333333,"[76, 114, 152]",-0.811084084473902,-1.4697888649242135,TRAIL_Lite,Local_linear_anchor,0.0,0.04535554880477601,0.018139574400534545,0.017004756173732576,0.04535554880477601,0.0865081500869761,0.03459821490661955,0.03243373827536593,0.0865081500869761,0.0650652747880169,0,0,0,0.09885995789914781,0.10492520207342512,0.005070733759484604,0.007589848717206476,0.0007367397488863801,0.014337754764208429,0.016437444350220282
XJTU_B2,EXP28_CROSSDOMAIN,3407,B2_3C_battery-5,70,1.914,"[28, 42, 56]",0.9114903222126126,0.8431369198272246,TRAIL_Lite,TRAIL_Lite,0.9114903222126126,0.05406127869622286,0.019398232809857058,0.028624465049730458,0.022317670833488606,0.10347328742457056,0.03712821759806641,0.05478722610518409,0.04271602197529719,0.034410895417911605,1,0,0,0.04354921394982831,0.048270497291910804,0.0005316774230883316,0.001218501362521998,4.418582200464526e-05,0.0013551773435688116,0.0019745538440779035
XJTU_B2,EXP28_CROSSDOMAIN,3407,B2_3C_battery-5,130,1.914,"[52, 78, 104]",0.2705785416654586,0.41133281523803145,TRAIL_full,TRAIL_full,0.41133281523803145,0.04107490901316207,0.007394562701501479,0.03436953834398229,0.0381864602193171,0.07861737585119219,0.01415319301067383,0.0657832963903821,0.07308888485977293,0.046340163975831045,1,0,0,0.09145812258499662,0.09719481303181403,0.0027527140053089753,0.004396998422052556,0.0011198136598867979,0.00941213174706329,0.008359786983318566
XJTU_B2,EXP28_CROSSDOMAIN,3407,B2_3C_battery-5,190,1.914,"[76, 114, 152]",-5.806089692837091,-4.254428983719817,TRAIL_full,Local_linear_anchor,0.0,0.043728365608645035,0.00775862572268285,0.006292027117455051,0.043728365608645035,0.0836960917749466,0.014850009633214974,0.012042939902808967,0.0836960917749466,0.06046359154280314,0,0,0,0.09934184663701628,0.0981977434184144,0.0027401861350383316,0.006311416660400992,0.0006747285098314889,0.01084238995119145,0.010740844326813763
XJTU_B2,EXP28_CROSSDOMAIN,3407,B2_3C_battery-6,70,1.9063333333333334,"[28, 42, 56]",0.8264091285637881,0.7999798339015276,TRAIL_Lite,TRAIL_Lite,0.8264091285637881,0.044975630424146644,0.011058249510300914,0.006304317664217591,0.00939366801787756,0.08573854346523156,0.02108070964980364,0.012018130907220134,0.017907462464747257,0.015577935651361795,1,0,0,0.003712333708600416,0.014834865214092078,0.0005678440406242049,0.0008010560205614386,0.00022818148648723487,0.0015568708311738608,0.0019575301544286954
XJTU_B2,EXP28_CROSSDOMAIN,3407,B2_3C_battery-6,130,1.9063333333333334,"[52, 78, 104]",0.4389541383320362,0.5777497310371492,TRAIL_full,TRAIL_full,0.5777497310371492,0.04417767673213811,0.004887575028969234,0.013558966540793563,0.026213801762713165,0.08421737774369929,0.009317347196891684,0.02584790988226613,0.0499722440936522,0.03368312852351254,1,0,0,0.06160877598440298,0.07244298607281092,0.0025595444888189965,0.004568550617507567,0.001957768443705666,0.00914918311210211,0.008061501498202419
XJTU_B2,EXP28_CROSSDOMAIN,3407,B2_3C_battery-6,190,1.9063333333333334,"[76, 114, 152]",-2.5545861473014475,-1.043783559771857,TRAIL_full,Local_linear_anchor,0.0,0.03757976182684459,0.004456066165608747,0.0164741293274702,0.03757976182684459,0.0716395526292414,0.008494747467038809,0.031405181874600695,0.0716395526292414,0.04880241836897222,0,0,0,0.08768552698057067,0.10060948892753462,0.0023484894463933156,0.0038054566886900156,0.0011679044829157673,0.0045847165927288555,0.005637494390880862
XJTU_B2,EXP28_CROSSDOMAIN,3407,B2_3C_battery-7,70,1.921,"[28, 42, 56]",0.8278947560091663,0.8636186613513457,TRAIL_full,TRAIL_full,0.8636186613513457,0.09093143128752672,0.05715333645346467,0.0188389669895086,0.022942692950935744,0.17467927950333884,0.10979155932710563,0.03618965558684602,0.04407291315874756,0.036005715267010546,1,0,0,0.02917939858596536,0.040720265203281675,0.0005017133777748902,0.0006767958477284588,7.027442560680452e-05,0.0012048377568713142,0.0013526347859550013
XJTU_B2,EXP28_CROSSDOMAIN,3407,B2_3C_battery-7,130,1.921,"[52, 78, 104]",0.3451899093438957,0.43137293027844503,TRAIL_full,TRAIL_full,0.43137293027844503,0.05057361730173103,0.024925319077265733,0.029100376791462806,0.03927921247182879,0.09715191883662531,0.04788153794742747,0.05590182381640005,0.07545536715838311,0.05582150662307417,1,0,0,0.08809383649745987,0.0735595528551664,0.0024331596380518226,0.0038803153928764302,0.001333311022611782,0.007791734133505846,0.007498784482616519
XJTU_B2,EXP28_CROSSDOMAIN,3407,B2_3C_battery-7,190,1.921,"[76, 114, 152]",-2.3114402221936627,-2.792513548418035,TRAIL_Lite,Local_linear_anchor,0.0,0.044605650953874865,0.028658996830669244,0.042256044677222854,0.044605650953874865,0.08568745548239362,0.05505393291171562,0.0811738618249451,0.08568745548239362,0.06392254607700151,0,0,0,0.09935760282943637,0.09391828434890473,0.004384078345455751,0.008196088746469059,0.0012174616962752178,0.014606951249482258,0.013210814212116328
XJTU_B2,EXP28_CROSSDOMAIN,3407,B2_3C_battery-8,70,1.9076666666666666,"[28, 42, 56]",0.5232199800718683,0.5842384104813783,TRAIL_full,TRAIL_full,0.5842384104813783,0.03619061991174889,0.033669143722753994,0.036578665029599326,0.03618650010726725,0.0690396392516463,0.06422950317510703,0.06977989998813232,0.06903178003796348,0.047998048515768395,1,0,1,0.07746048274457563,0.11562774465827312,0.001904904302874634,0.0030480565811972725,0.0007435301114903788,0.005584270887837724,0.006336968294028903
XJTU_B2,EXP28_CROSSDOMAIN,3407,B2_3C_battery-8,130,1.9076666666666666,"[52, 78, 104]",-0.02311768865327478,0.057089095654241334,TRAIL_full,TRAIL_full,0.057089095654241334,0.037045891284731805,0.033849383466081226,0.04217024112471687,0.037332666630040756,0.07067121194084004,0.06457334052546095,0.08044676331891822,0.07121828370790775,0.04279112772823093,1,1,1,0.08596101197445645,0.11928716615849322,0.005209631376335012,0.009304087731415391,0.0034496513270435326,0.018271997218317043,0.017339076573538954
XJTU_B2,EXP28_CROSSDOMAIN,3407,B2_3C_battery-8,190,1.9076666666666666,"[76, 114, 152]",-1.5974403075618029,-1.3393494144074154,TRAIL_full,Local_linear_anchor,0.0,0.033393627344085144,0.031164298320830466,0.04062835773795942,0.033393627344085144,0.06370390976339976,0.05945109309670425,0.07750536377811391,0.06370390976339976,0.04036286520913579,0,0,1,0.07890941034033283,0.09156376144666269,0.007131967289237055,0.01363651554925974,0.0030256124885211315,0.024827285662604965,0.02352098979308631
XJTU_B2,EXP28_CROSSDOMAIN,3407,B2_3C_battery-9,70,1.848,"[28, 42, 56]",0.516788205564982,0.8301324674504413,TRAIL_full,TRAIL_full,0.8301324674504413,0.05010470916155254,0.3102032361714883,0.0029197491017222965,0.007049128066951255,0.0925935025305491,0.5732555804449104,0.005395696339982804,0.01302678866772592,0.008797816861368416,1,0,0,0.016174742064295505,0.021884812266945657,0.0019219795212750423,0.004037928041774225,0.0012560203787449675,0.006779047871121321,0.0070985387561493555
XJTU_B2,EXP28_CROSSDOMAIN,3407,B2_3C_battery-9,130,1.848,"[52, 78, 104]",0.5285618173548684,0.7722636892705204,TRAIL_full,TRAIL_full,0.7722636892705204,0.032247948086110624,0.030489401213194735,0.037392649008921065,0.03617172737578546,0.05959420806313244,0.056344413441983876,0.06910161536848614,0.06684535219045153,0.04641806596035749,1,1,1,0.0841987653395738,0.09038892673216568,0.002164263872387563,0.0051735311499025265,0.0006315742458990644,0.009559873514884668,0.009792850794582742
XJTU_B2,EXP28_CROSSDOMAIN,3407,B2_3C_battery-9,190,1.848,"[76, 114, 152]",-0.7414454728677223,-0.5662783275367825,TRAIL_full,Local_linear_anchor,0.0,0.023981063927635125,0.054885474190450284,0.02099231455659319,0.023981063927635125,0.044317006138269714,0.10142835630395212,0.038793797300584215,0.044317006138269714,0.03045004732152613,0,0,0,0.055316625958381375,0.060836274546585696,0.0024454859262603088,0.003819175124919034,0.0006473309193780199,0.00807007901082631,0.008285723944541891
