domain,seed,test_battery,cutoff,model,generated_RMSE,frozen_RMSE,abs_delta_RMSE,generated_MAE,frozen_MAE,abs_delta_MAE
NASA,42,B0005,50,Local_linear_anchor,0.31418601279666614,0.3141860127966661,5.551115123125783e-17,0.2811430746150558,0.2811430746150558,0.0
NASA,42,B0005,70,Local_linear_anchor,0.15006656130617377,0.1500665613061737,5.551115123125783e-17,0.12119691546404063,0.1211969154640406,2.7755575615628914e-17
NASA,42,B0005,90,Local_linear_anchor,0.05841843945397366,0.0584184394539736,6.245004513516506e-17,0.05308284921772183,0.0530828492177218,2.7755575615628914e-17
NASA,42,B0005,50,TRAIL_Lite,0.15023780235378345,0.1502378023537834,5.551115123125783e-17,0.13215017824505562,0.1321501782450556,2.7755575615628914e-17
NASA,42,B0005,70,TRAIL_Lite,0.13991819298803795,0.1399181929880379,5.551115123125783e-17,0.1211510585740627,0.1211510585740627,0.0
NASA,42,B0005,90,TRAIL_Lite,0.08287740146724798,0.0828774014672479,8.326672684688674e-17,0.07146939076483555,0.0714693907648355,5.551115123125783e-17
NASA,42,B0005,50,TRAIL_full,0.08466454829660876,0.0846645482966087,5.551115123125783e-17,0.0733250659196629,0.0733250659196629,0.0
NASA,42,B0005,70,TRAIL_full,0.09450070529766987,0.0945007052976698,6.938893903907228e-17,0.08280958136485476,0.0828095813648547,6.938893903907228e-17
NASA,42,B0005,90,TRAIL_full,0.05513276541125647,0.0551327654112564,6.938893903907228e-17,0.050873246801880864,0.0508732468018808,6.245004513516506e-17
NASA,42,B0006,50,Local_linear_anchor,0.5764904790899072,0.5764904790899072,0.0,0.5191245155072747,0.5191245155072747,0.0
NASA,42,B0006,70,Local_linear_anchor,0.3310668353274839,0.3310668353274839,0.0,0.2859114125492043,0.2859114125492043,0.0
NASA,42,B0006,90,Local_linear_anchor,0.18678871338406042,0.1867887133840604,2.7755575615628914e-17,0.15783779930571226,0.1578377993057122,5.551115123125783e-17
NASA,42,B0006,50,TRAIL_Lite,0.19519229825236237,0.1951922982523623,5.551115123125783e-17,0.18425509452047975,0.1842550945204797,5.551115123125783e-17
NASA,42,B0006,70,TRAIL_Lite,0.04251825032811991,0.0425182503281199,6.938893903907228e-18,0.03722171139606657,0.0372217113960665,7.632783294297951e-17
NASA,42,B0006,90,TRAIL_Lite,0.0454435797247208,0.0454435797247208,0.0,0.03196756677281796,0.0319675667728179,5.551115123125783e-17
NASA,42,B0006,50,TRAIL_full,0.17541559827661501,0.175415598276615,2.7755575615628914e-17,0.1619070593304147,0.1619070593304147,0.0
NASA,42,B0006,70,TRAIL_full,0.05765043492565713,0.0576504349256571,2.7755575615628914e-17,0.04855194434715483,0.0485519443471548,3.469446951953614e-17
NASA,42,B0006,90,TRAIL_full,0.07747988183175626,0.0774798818317562,5.551115123125783e-17,0.06153303539765274,0.0615330353976527,3.469446951953614e-17
NASA,42,B0007,50,Local_linear_anchor,0.1691728407710973,0.1691728407710973,0.0,0.1558112080538772,0.1558112080538772,0.0
NASA,42,B0007,70,Local_linear_anchor,0.15251728639021803,0.152517286390218,2.7755575615628914e-17,0.1261327498289363,0.1261327498289363,0.0
NASA,42,B0007,90,Local_linear_anchor,0.130396422674515,0.130396422674515,0.0,0.1138861945490104,0.1138861945490104,0.0
NASA,42,B0007,50,TRAIL_Lite,0.019850112999721427,0.0198501129997214,2.7755575615628914e-17,0.016061676660562484,0.0160616766605624,8.326672684688674e-17
NASA,42,B0007,70,TRAIL_Lite,0.02216421324921733,0.0221642132492173,2.7755575615628914e-17,0.019317839613128628,0.0193178396131286,2.7755575615628914e-17
NASA,42,B0007,90,TRAIL_Lite,0.04200609661690436,0.0420060966169043,6.245004513516506e-17,0.039075807614226986,0.0390758076142269,8.326672684688674e-17
NASA,42,B0007,50,TRAIL_full,0.06478849852788743,0.0647884985278874,2.7755575615628914e-17,0.052917454003413744,0.0529174540034137,4.163336342344337e-17
NASA,42,B0007,70,TRAIL_full,0.06422444079419984,0.0642244407941998,4.163336342344337e-17,0.05777089306809216,0.0577708930680921,6.245004513516506e-17
NASA,42,B0007,90,TRAIL_full,0.06362937953222929,0.0636293795322292,8.326672684688674e-17,0.05021035012342868,0.0502103501234286,7.632783294297951e-17
NASA,42,B0018,50,Local_linear_anchor,0.5348787315242258,0.5348787315242258,0.0,0.4766608362556377,0.4766608362556377,0.0
NASA,42,B0018,70,Local_linear_anchor,0.23614210595120674,0.2361421059512067,5.551115123125783e-17,0.19771997927239515,0.1977199792723951,5.551115123125783e-17
NASA,42,B0018,90,Local_linear_anchor,0.016021862385384604,0.0160218623853846,3.469446951953614e-18,0.01265073600961816,0.0126507360096181,5.898059818321144e-17
NASA,42,B0018,50,TRAIL_Lite,0.10265682812383241,0.1026568281238324,1.3877787807814457e-17,0.09272956632361978,0.0927295663236197,8.326672684688674e-17
NASA,42,B0018,70,TRAIL_Lite,0.02044225159028012,0.0204422515902801,2.0816681711721685e-17,0.016719397749516588,0.0167193977495165,8.673617379884035e-17
NASA,42,B0018,90,TRAIL_Lite,0.029021801530480357,0.0290218015304803,5.898059818321144e-17,0.025446637539593125,0.0254466375395931,2.42861286636753e-17
NASA,42,B0018,50,TRAIL_full,0.04227592980067327,0.0422759298006732,6.938893903907228e-17,0.03507332192297367,0.0350733219229736,6.938893903907228e-17
NASA,42,B0018,70,TRAIL_full,0.04236341115256585,0.0423634111525658,5.551115123125783e-17,0.03286904587102699,0.0328690458710269,9.020562075079397e-17
NASA,42,B0018,90,TRAIL_full,0.0694683091550601,0.0694683091550601,0.0,0.05788289393948967,0.0578828939394896,6.938893903907228e-17
NASA,2024,B0005,50,Local_linear_anchor,0.31418601279666614,0.3141860127966661,5.551115123125783e-17,0.2811430746150558,0.2811430746150558,0.0
NASA,2024,B0005,70,Local_linear_anchor,0.15006656130617377,0.1500665613061737,5.551115123125783e-17,0.12119691546404063,0.1211969154640406,2.7755575615628914e-17
NASA,2024,B0005,90,Local_linear_anchor,0.05841843945397366,0.0584184394539736,6.245004513516506e-17,0.05308284921772183,0.0530828492177218,2.7755575615628914e-17
NASA,2024,B0005,50,TRAIL_Lite,0.08834052145477403,0.088340521454774,2.7755575615628914e-17,0.07285532751287174,0.0728553275128717,4.163336342344337e-17
NASA,2024,B0005,70,TRAIL_Lite,0.09271315565070258,0.0927131556507025,8.326672684688674e-17,0.08212069034328195,0.0821206903432819,5.551115123125783e-17
NASA,2024,B0005,90,TRAIL_Lite,0.05582656833905174,0.0558265683390517,3.469446951953614e-17,0.049598149525434544,0.0495981495254345,4.163336342344337e-17
NASA,2024,B0005,50,TRAIL_full,0.2511815992692011,0.2511815992692011,0.0,0.21880524294657197,0.2188052429465719,8.326672684688674e-17
NASA,2024,B0005,70,TRAIL_full,0.16218499046508997,0.1621849904650899,5.551115123125783e-17,0.1374657463516014,0.1374657463516014,0.0
NASA,2024,B0005,90,TRAIL_full,0.07874547143616646,0.0787454714361664,5.551115123125783e-17,0.06691395312596629,0.0669139531259662,9.71445146547012e-17
NASA,2024,B0006,50,Local_linear_anchor,0.5764904790899072,0.5764904790899072,0.0,0.5191245155072747,0.5191245155072747,0.0
NASA,2024,B0006,70,Local_linear_anchor,0.3310668353274839,0.3310668353274839,0.0,0.2859114125492043,0.2859114125492043,0.0
NASA,2024,B0006,90,Local_linear_anchor,0.18678871338406042,0.1867887133840604,2.7755575615628914e-17,0.15783779930571226,0.1578377993057122,5.551115123125783e-17
NASA,2024,B0006,50,TRAIL_Lite,0.09640652751013883,0.0964065275101388,2.7755575615628914e-17,0.09259584664526606,0.092595846645266,5.551115123125783e-17
NASA,2024,B0006,70,TRAIL_Lite,0.05580733856710633,0.0558073385671063,3.469446951953614e-17,0.04817392677704015,0.0481739267770401,5.551115123125783e-17
NASA,2024,B0006,90,TRAIL_Lite,0.02298579271042448,0.0229857927104244,7.979727989493313e-17,0.01657403511465707,0.016574035114657,6.938893903907228e-17
NASA,2024,B0006,50,TRAIL_full,0.06385768290617465,0.0638576829061746,4.163336342344337e-17,0.05724997810626408,0.057249978106264,8.326672684688674e-17
NASA,2024,B0006,70,TRAIL_full,0.08744130268405388,0.0874413026840538,8.326672684688674e-17,0.07709978426821196,0.0770997842682119,5.551115123125783e-17
NASA,2024,B0006,90,TRAIL_full,0.0455164460392121,0.0455164460392121,0.0,0.03664965225945944,0.0366496522594594,3.469446951953614e-17
NASA,2024,B0007,50,Local_linear_anchor,0.1691728407710973,0.1691728407710973,0.0,0.1558112080538772,0.1558112080538772,0.0
NASA,2024,B0007,70,Local_linear_anchor,0.15251728639021803,0.152517286390218,2.7755575615628914e-17,0.1261327498289363,0.1261327498289363,0.0
NASA,2024,B0007,90,Local_linear_anchor,0.130396422674515,0.130396422674515,0.0,0.1138861945490104,0.1138861945490104,0.0
NASA,2024,B0007,50,TRAIL_Lite,0.02136953959818206,0.021369539598182,5.898059818321144e-17,0.015290915488952846,0.0152909154889528,4.5102810375396984e-17
NASA,2024,B0007,70,TRAIL_Lite,0.028474419986573355,0.0284744199865733,5.551115123125783e-17,0.025979186622912265,0.0259791866229122,6.591949208711867e-17
NASA,2024,B0007,90,TRAIL_Lite,0.03347054361512954,0.0334705436151295,4.163336342344337e-17,0.03062743108710275,0.0306274310871027,4.85722573273506e-17
NASA,2024,B0007,50,TRAIL_full,0.18748375577519752,0.1874837557751975,2.7755575615628914e-17,0.17343583199988702,0.173435831999887,2.7755575615628914e-17
NASA,2024,B0007,70,TRAIL_full,0.008844990791149901,0.0088449907911499,1.734723475976807e-18,0.007162619634072068,0.007162619634072,6.765421556309548e-17
NASA,2024,B0007,90,TRAIL_full,0.04149619319344071,0.0414961931934407,6.938893903907228e-18,0.03767684600261946,0.0376768460026194,6.245004513516506e-17
NASA,2024,B0018,50,Local_linear_anchor,0.5348787315242258,0.5348787315242258,0.0,0.4766608362556377,0.4766608362556377,0.0
NASA,2024,B0018,70,Local_linear_anchor,0.23614210595120674,0.2361421059512067,5.551115123125783e-17,0.19771997927239515,0.1977199792723951,5.551115123125783e-17
NASA,2024,B0018,90,Local_linear_anchor,0.016021862385384604,0.0160218623853846,3.469446951953614e-18,0.01265073600961816,0.0126507360096181,5.898059818321144e-17
NASA,2024,B0018,50,TRAIL_Lite,0.06823484407471662,0.0682348440747166,2.7755575615628914e-17,0.0612580780236789,0.0612580780236789,0.0
NASA,2024,B0018,70,TRAIL_Lite,0.01835349230074156,0.0183534923007415,5.898059818321144e-17,0.01436808289348704,0.014368082893487,3.9898639947466563e-17
NASA,2024,B0018,90,TRAIL_Lite,0.02294704458376905,0.022947044583769,4.85722573273506e-17,0.018965560453631212,0.0189655604536312,1.0408340855860843e-17
NASA,2024,B0018,50,TRAIL_full,0.04175128778897771,0.0417512877889777,6.938893903907228e-18,0.03474585905381013,0.0347458590538101,2.7755575615628914e-17
NASA,2024,B0018,70,TRAIL_full,0.02094061466286849,0.0209406146628684,9.020562075079397e-17,0.018029506075823827,0.0180295060758238,2.7755575615628914e-17
NASA,2024,B0018,90,TRAIL_full,0.03017034670506353,0.0301703467050635,2.7755575615628914e-17,0.025532941631498544,0.0255329416314985,4.5102810375396984e-17
NASA,3407,B0005,50,Local_linear_anchor,0.31418601279666614,0.3141860127966661,5.551115123125783e-17,0.2811430746150558,0.2811430746150558,0.0
NASA,3407,B0005,70,Local_linear_anchor,0.15006656130617377,0.1500665613061737,5.551115123125783e-17,0.12119691546404063,0.1211969154640406,2.7755575615628914e-17
NASA,3407,B0005,90,Local_linear_anchor,0.05841843945397366,0.0584184394539736,6.245004513516506e-17,0.05308284921772183,0.0530828492177218,2.7755575615628914e-17
NASA,3407,B0005,50,TRAIL_Lite,0.08287960927931651,0.0828796092793165,1.3877787807814457e-17,0.07600092383410179,0.0760009238341017,8.326672684688674e-17
NASA,3407,B0005,70,TRAIL_Lite,0.05322956191722325,0.0532295619172232,4.85722573273506e-17,0.05000693024173004,0.05000693024173,3.469446951953614e-17
NASA,3407,B0005,90,TRAIL_Lite,0.01520019510264104,0.015200195102641,3.9898639947466563e-17,0.01279060046600592,0.0127906004660059,2.0816681711721685e-17
NASA,3407,B0005,50,TRAIL_full,0.1841043195842902,0.1841043195842902,0.0,0.1691701179664654,0.1691701179664654,0.0
NASA,3407,B0005,70,TRAIL_full,0.09884893112939404,0.098848931129394,4.163336342344337e-17,0.08824864630548249,0.0882486463054824,8.326672684688674e-17
NASA,3407,B0005,90,TRAIL_full,0.043514954656057155,0.0435149546560571,5.551115123125783e-17,0.035765892917298536,0.0357658929172985,3.469446951953614e-17
NASA,3407,B0006,50,Local_linear_anchor,0.5764904790899072,0.5764904790899072,0.0,0.5191245155072747,0.5191245155072747,0.0
NASA,3407,B0006,70,Local_linear_anchor,0.3310668353274839,0.3310668353274839,0.0,0.2859114125492043,0.2859114125492043,0.0
NASA,3407,B0006,90,Local_linear_anchor,0.18678871338406042,0.1867887133840604,2.7755575615628914e-17,0.15783779930571226,0.1578377993057122,5.551115123125783e-17
NASA,3407,B0006,50,TRAIL_Lite,0.15239205066896744,0.1523920506689674,2.7755575615628914e-17,0.146475117764594,0.146475117764594,0.0
NASA,3407,B0006,70,TRAIL_Lite,0.07456218955890163,0.0745621895589016,2.7755575615628914e-17,0.06904493763756958,0.0690449376375695,8.326672684688674e-17
NASA,3407,B0006,90,TRAIL_Lite,0.026275786992157324,0.0262757869921573,2.42861286636753e-17,0.02053581267612859,0.0205358126761285,9.020562075079397e-17
NASA,3407,B0006,50,TRAIL_full,0.11492614490285824,0.1149261449028582,4.163336342344337e-17,0.10998034141059622,0.1099803414105962,1.3877787807814457e-17
NASA,3407,B0006,70,TRAIL_full,0.06874682595173211,0.0687468259517321,1.3877787807814457e-17,0.0628559063772154,0.0628559063772154,0.0
NASA,3407,B0006,90,TRAIL_full,0.04537777544560849,0.0453777754456084,9.020562075079397e-17,0.03607782800087649,0.0360778280008764,9.020562075079397e-17
NASA,3407,B0007,50,Local_linear_anchor,0.1691728407710973,0.1691728407710973,0.0,0.1558112080538772,0.1558112080538772,0.0
NASA,3407,B0007,70,Local_linear_anchor,0.15251728639021803,0.152517286390218,2.7755575615628914e-17,0.1261327498289363,0.1261327498289363,0.0
NASA,3407,B0007,90,Local_linear_anchor,0.130396422674515,0.130396422674515,0.0,0.1138861945490104,0.1138861945490104,0.0
NASA,3407,B0007,50,TRAIL_Lite,0.033036100298313,0.033036100298313,0.0,0.028559901792090857,0.0285599017920908,5.551115123125783e-17
NASA,3407,B0007,70,TRAIL_Lite,0.045245871457426305,0.0452458714574263,6.938893903907228e-18,0.04054180770258131,0.0405418077025813,1.3877787807814457e-17
NASA,3407,B0007,90,TRAIL_Lite,0.06309337736538968,0.0630933773653896,8.326672684688674e-17,0.05944027160956713,0.0594402716095671,2.7755575615628914e-17
NASA,3407,B0007,50,TRAIL_full,0.06365537730267141,0.0636553773026714,1.3877787807814457e-17,0.056822559960563394,0.0568225599605633,9.71445146547012e-17
NASA,3407,B0007,70,TRAIL_full,0.07795883699073014,0.0779588369907301,4.163336342344337e-17,0.07095843288886056,0.0709584328888605,5.551115123125783e-17
NASA,3407,B0007,90,TRAIL_full,0.10952124133589203,0.109521241335892,2.7755575615628914e-17,0.1025446780584025,0.1025446780584025,0.0
NASA,3407,B0018,50,Local_linear_anchor,0.5348787315242258,0.5348787315242258,0.0,0.4766608362556377,0.4766608362556377,0.0
NASA,3407,B0018,70,Local_linear_anchor,0.23614210595120674,0.2361421059512067,5.551115123125783e-17,0.19771997927239515,0.1977199792723951,5.551115123125783e-17
NASA,3407,B0018,90,Local_linear_anchor,0.016021862385384604,0.0160218623853846,3.469446951953614e-18,0.01265073600961816,0.0126507360096181,5.898059818321144e-17
NASA,3407,B0018,50,TRAIL_Lite,0.05960125722779687,0.0596012572277968,6.938893903907228e-17,0.05343724458075324,0.0534372445807532,4.163336342344337e-17
NASA,3407,B0018,70,TRAIL_Lite,0.016411843393989288,0.0164118433939892,8.673617379884035e-17,0.013394522708754297,0.0133945227087542,9.71445146547012e-17
NASA,3407,B0018,90,TRAIL_Lite,0.02271719864404795,0.0227171986440479,5.204170427930421e-17,0.01970043761316381,0.0197004376131638,1.0408340855860843e-17
NASA,3407,B0018,50,TRAIL_full,0.039940788044939404,0.0399407880449394,6.938893903907228e-18,0.032951365043463285,0.0329513650434632,8.326672684688674e-17
NASA,3407,B0018,70,TRAIL_full,0.030651033641557197,0.0306510336415571,9.71445146547012e-17,0.025539457807122273,0.0255394578071222,7.28583859910259e-17
NASA,3407,B0018,90,TRAIL_full,0.055364921162698144,0.0553649211626981,4.163336342344337e-17,0.04816843842951432,0.0481684384295143,2.0816681711721685e-17
CALCE_CS2,42,CS2_35,150,Local_linear_anchor,0.7211735321063102,0.7211735321063102,0.0,0.6743084660386979,0.6743084660386979,0.0
CALCE_CS2,42,CS2_35,250,Local_linear_anchor,0.15888488467684442,0.1588848846768444,2.7755575615628914e-17,0.14506127560724613,0.1450612756072461,2.7755575615628914e-17
CALCE_CS2,42,CS2_35,350,Local_linear_anchor,0.19971925522809114,0.1997192552280911,2.7755575615628914e-17,0.1439681138310923,0.1439681138310923,0.0
CALCE_CS2,42,CS2_35,150,TRAIL_Lite,0.042791746660946386,0.0427917466609463,8.326672684688674e-17,0.0393989701261213,0.0393989701261213,0.0
CALCE_CS2,42,CS2_35,250,TRAIL_Lite,0.041435164614797085,0.041435164614797,8.326672684688674e-17,0.0366253733052699,0.0366253733052699,0.0
CALCE_CS2,42,CS2_35,350,TRAIL_Lite,0.046655207345645135,0.0466552073456451,3.469446951953614e-17,0.043950947806243465,0.0439509478062434,6.245004513516506e-17
CALCE_CS2,42,CS2_35,150,TRAIL_full,0.21621161483801418,0.2162116148380141,8.326672684688674e-17,0.2033009833622606,0.2033009833622606,0.0
CALCE_CS2,42,CS2_35,250,TRAIL_full,0.2221592507619306,0.2221592507619306,0.0,0.20963552782641917,0.2096355278264191,8.326672684688674e-17
CALCE_CS2,42,CS2_35,350,TRAIL_full,0.21579980117777373,0.2157998011777737,2.7755575615628914e-17,0.2054160462870716,0.2054160462870716,0.0
CALCE_CS2,42,CS2_36,150,Local_linear_anchor,0.582115500168527,0.582115500168527,0.0,0.48296568622339775,0.4829656862233977,5.551115123125783e-17
CALCE_CS2,42,CS2_36,250,Local_linear_anchor,0.7249845505448596,0.7249845505448596,0.0,0.6123503047562986,0.6123503047562986,0.0
CALCE_CS2,42,CS2_36,350,Local_linear_anchor,0.06260220046481009,0.06260220046481,8.326672684688674e-17,0.035809768645870356,0.0358097686458703,5.551115123125783e-17
CALCE_CS2,42,CS2_36,150,TRAIL_Lite,0.046851718462705534,0.0468517184627055,3.469446951953614e-17,0.04178585714940566,0.0417858571494056,5.551115123125783e-17
CALCE_CS2,42,CS2_36,250,TRAIL_Lite,0.040520055173013166,0.0405200551730131,6.245004513516506e-17,0.03634082069461178,0.0363408206946117,8.326672684688674e-17
CALCE_CS2,42,CS2_36,350,TRAIL_Lite,0.03526286329964177,0.0352628632996417,6.938893903907228e-17,0.03154026103589231,0.0315402610358923,6.938893903907228e-18
CALCE_CS2,42,CS2_36,150,TRAIL_full,0.11109661105329412,0.1110966110532941,1.3877787807814457e-17,0.10360388881681976,0.1036038888168197,5.551115123125783e-17
CALCE_CS2,42,CS2_36,250,TRAIL_full,0.08215125845626231,0.0821512584562623,1.3877787807814457e-17,0.07523599159775583,0.0752359915977558,2.7755575615628914e-17
CALCE_CS2,42,CS2_36,350,TRAIL_full,0.07170629065982526,0.0717062906598252,5.551115123125783e-17,0.065229577876051,0.065229577876051,0.0
CALCE_CS2,42,CS2_37,150,Local_linear_anchor,0.7350665416058683,0.7350665416058683,0.0,0.6169485851899518,0.6169485851899518,0.0
CALCE_CS2,42,CS2_37,250,Local_linear_anchor,0.055045789786175685,0.0550457897861756,8.326672684688674e-17,0.04703399529207957,0.0470339952920795,6.938893903907228e-17
CALCE_CS2,42,CS2_37,350,Local_linear_anchor,1.7677328508995722,1.7677328508995722,0.0,1.5175562802056568,1.5175562802056568,0.0
CALCE_CS2,42,CS2_37,150,TRAIL_Lite,0.138703954500949,0.138703954500949,0.0,0.09482024795388533,0.0948202479538853,2.7755575615628914e-17
CALCE_CS2,42,CS2_37,250,TRAIL_Lite,0.14876651223411638,0.1487665122341163,8.326672684688674e-17,0.10647551440823762,0.1064755144082376,1.3877787807814457e-17
CALCE_CS2,42,CS2_37,350,TRAIL_Lite,0.16155335396414613,0.1615533539641461,2.7755575615628914e-17,0.12408344744565981,0.1240834474456598,1.3877787807814457e-17
CALCE_CS2,42,CS2_37,150,TRAIL_full,0.26457458626048713,0.2645745862604871,5.551115123125783e-17,0.22184576260853925,0.2218457626085392,5.551115123125783e-17
CALCE_CS2,42,CS2_37,250,TRAIL_full,0.2799494464689332,0.2799494464689332,0.0,0.24183519422154443,0.2418351942215444,2.7755575615628914e-17
CALCE_CS2,42,CS2_37,350,TRAIL_full,0.2871827856629857,0.2871827856629857,0.0,0.2530814556916118,0.2530814556916118,0.0
CALCE_CS2,42,CS2_38,150,Local_linear_anchor,0.06881862433888897,0.0688186243388889,6.938893903907228e-17,0.04697759616261101,0.046977596162611,1.3877787807814457e-17
CALCE_CS2,42,CS2_38,250,Local_linear_anchor,0.10282604846764175,0.1028260484676417,4.163336342344337e-17,0.05959327312785,0.05959327312785,0.0
CALCE_CS2,42,CS2_38,350,Local_linear_anchor,0.2635499380577565,0.2635499380577565,0.0,0.2086171027948802,0.2086171027948802,0.0
CALCE_CS2,42,CS2_38,150,TRAIL_Lite,0.18388784274216247,0.1838878427421624,5.551115123125783e-17,0.13585755446253994,0.1358575544625399,5.551115123125783e-17
CALCE_CS2,42,CS2_38,250,TRAIL_Lite,0.19670805710226028,0.1967080571022602,8.326672684688674e-17,0.1535869499486983,0.1535869499486983,0.0
CALCE_CS2,42,CS2_38,350,TRAIL_Lite,0.21269465920113562,0.2126946592011356,2.7755575615628914e-17,0.17788797946630805,0.177887979466308,5.551115123125783e-17
CALCE_CS2,42,CS2_38,150,TRAIL_full,0.19414849476628168,0.1941484947662816,8.326672684688674e-17,0.1376672911478293,0.1376672911478293,0.0
CALCE_CS2,42,CS2_38,250,TRAIL_full,0.20732475267803496,0.2073247526780349,5.551115123125783e-17,0.15310509695650165,0.1531050969565016,5.551115123125783e-17
CALCE_CS2,42,CS2_38,350,TRAIL_full,0.22385363784791387,0.2238536378479138,8.326672684688674e-17,0.176256747894009,0.176256747894009,0.0
CALCE_CS2,2024,CS2_35,150,Local_linear_anchor,0.7211735321063102,0.7211735321063102,0.0,0.6743084660386979,0.6743084660386979,0.0
CALCE_CS2,2024,CS2_35,250,Local_linear_anchor,0.15888488467684442,0.1588848846768444,2.7755575615628914e-17,0.14506127560724613,0.1450612756072461,2.7755575615628914e-17
CALCE_CS2,2024,CS2_35,350,Local_linear_anchor,0.19971925522809114,0.1997192552280911,2.7755575615628914e-17,0.1439681138310923,0.1439681138310923,0.0
CALCE_CS2,2024,CS2_35,150,TRAIL_Lite,0.4192581958605118,0.4192581958605118,0.0,0.3851853194307034,0.3851853194307034,0.0
CALCE_CS2,2024,CS2_35,250,TRAIL_Lite,0.37929807300274176,0.3792980730027417,5.551115123125783e-17,0.34889936227810886,0.3488993622781088,5.551115123125783e-17
CALCE_CS2,2024,CS2_35,350,TRAIL_Lite,0.3313099575085733,0.3313099575085733,0.0,0.3081468830019511,0.3081468830019511,0.0
CALCE_CS2,2024,CS2_35,150,TRAIL_full,0.24133684301730285,0.2413368430173028,5.551115123125783e-17,0.22709704768596073,0.2270970476859607,2.7755575615628914e-17
CALCE_CS2,2024,CS2_35,250,TRAIL_full,0.22666120295525852,0.2266612029552585,2.7755575615628914e-17,0.21143293697874493,0.2114329369787449,2.7755575615628914e-17
CALCE_CS2,2024,CS2_35,350,TRAIL_full,0.19993252036007483,0.1999325203600748,2.7755575615628914e-17,0.1884007586772346,0.1884007586772346,0.0
CALCE_CS2,2024,CS2_36,150,Local_linear_anchor,0.582115500168527,0.582115500168527,0.0,0.48296568622339775,0.4829656862233977,5.551115123125783e-17
CALCE_CS2,2024,CS2_36,250,Local_linear_anchor,0.7249845505448596,0.7249845505448596,0.0,0.6123503047562986,0.6123503047562986,0.0
CALCE_CS2,2024,CS2_36,350,Local_linear_anchor,0.06260220046481009,0.06260220046481,8.326672684688674e-17,0.035809768645870356,0.0358097686458703,5.551115123125783e-17
CALCE_CS2,2024,CS2_36,150,TRAIL_Lite,0.28738428796853716,0.2873842879685371,5.551115123125783e-17,0.25339792690908325,0.2533979269090832,5.551115123125783e-17
CALCE_CS2,2024,CS2_36,250,TRAIL_Lite,0.10581371180307053,0.1058137118030705,2.7755575615628914e-17,0.0892963321822023,0.0892963321822023,0.0
CALCE_CS2,2024,CS2_36,350,TRAIL_Lite,0.08128410986243675,0.0812841098624367,5.551115123125783e-17,0.06537564718261123,0.0653756471826112,2.7755575615628914e-17
CALCE_CS2,2024,CS2_36,150,TRAIL_full,0.2892229628020706,0.2892229628020706,0.0,0.2514157734425816,0.2514157734425816,0.0
CALCE_CS2,2024,CS2_36,250,TRAIL_full,0.2803651851080913,0.2803651851080913,0.0,0.24363067698062654,0.2436306769806265,5.551115123125783e-17
CALCE_CS2,2024,CS2_36,350,TRAIL_full,0.266601342498889,0.266601342498889,0.0,0.23269130050936274,0.2326913005093627,2.7755575615628914e-17
CALCE_CS2,2024,CS2_37,150,Local_linear_anchor,0.7350665416058683,0.7350665416058683,0.0,0.6169485851899518,0.6169485851899518,0.0
CALCE_CS2,2024,CS2_37,250,Local_linear_anchor,0.055045789786175685,0.0550457897861756,8.326672684688674e-17,0.04703399529207957,0.0470339952920795,6.938893903907228e-17
CALCE_CS2,2024,CS2_37,350,Local_linear_anchor,1.7677328508995722,1.7677328508995722,0.0,1.5175562802056568,1.5175562802056568,0.0
CALCE_CS2,2024,CS2_37,150,TRAIL_Lite,0.122331161919578,0.122331161919578,0.0,0.10910714805369463,0.1091071480536946,2.7755575615628914e-17
CALCE_CS2,2024,CS2_37,250,TRAIL_Lite,0.12681890771420634,0.1268189077142063,2.7755575615628914e-17,0.11151439696326057,0.1115143969632605,6.938893903907228e-17
CALCE_CS2,2024,CS2_37,350,TRAIL_Lite,0.13266246716365307,0.132662467163653,8.326672684688674e-17,0.11727641301950978,0.1172764130195097,8.326672684688674e-17
CALCE_CS2,2024,CS2_37,150,TRAIL_full,0.3232486539018528,0.3232486539018528,0.0,0.2936497184208259,0.2936497184208259,0.0
CALCE_CS2,2024,CS2_37,250,TRAIL_full,0.2857288215529514,0.2857288215529514,0.0,0.2566510274736201,0.2566510274736201,0.0
CALCE_CS2,2024,CS2_37,350,TRAIL_full,0.24972068677165746,0.2497206867716574,5.551115123125783e-17,0.22432689941454328,0.2243268994145432,8.326672684688674e-17
CALCE_CS2,2024,CS2_38,150,Local_linear_anchor,0.06881862433888897,0.0688186243388889,6.938893903907228e-17,0.04697759616261101,0.046977596162611,1.3877787807814457e-17
CALCE_CS2,2024,CS2_38,250,Local_linear_anchor,0.10282604846764175,0.1028260484676417,4.163336342344337e-17,0.05959327312785,0.05959327312785,0.0
CALCE_CS2,2024,CS2_38,350,Local_linear_anchor,0.2635499380577565,0.2635499380577565,0.0,0.2086171027948802,0.2086171027948802,0.0
CALCE_CS2,2024,CS2_38,150,TRAIL_Lite,0.224550825899034,0.224550825899034,0.0,0.16912377828244654,0.1691237782824465,2.7755575615628914e-17
CALCE_CS2,2024,CS2_38,250,TRAIL_Lite,0.2407109638181842,0.2407109638181842,0.0,0.19137407847084856,0.1913740784708485,5.551115123125783e-17
CALCE_CS2,2024,CS2_38,350,TRAIL_Lite,0.2571622368654131,0.2571622368654131,0.0,0.2182516598643807,0.2182516598643807,0.0
CALCE_CS2,2024,CS2_38,150,TRAIL_full,0.17270612637431318,0.1727061263743131,8.326672684688674e-17,0.12904430208999945,0.1290443020899994,5.551115123125783e-17
CALCE_CS2,2024,CS2_38,250,TRAIL_full,0.1843848808792455,0.1843848808792455,0.0,0.1450287703019759,0.1450287703019759,0.0
CALCE_CS2,2024,CS2_38,350,TRAIL_full,0.1998659110099843,0.1998659110099843,0.0,0.16898299723834492,0.1689829972383449,2.7755575615628914e-17
CALCE_CS2,3407,CS2_35,150,Local_linear_anchor,0.7211735321063102,0.7211735321063102,0.0,0.6743084660386979,0.6743084660386979,0.0
CALCE_CS2,3407,CS2_35,250,Local_linear_anchor,0.15888488467684442,0.1588848846768444,2.7755575615628914e-17,0.14506127560724613,0.1450612756072461,2.7755575615628914e-17
CALCE_CS2,3407,CS2_35,350,Local_linear_anchor,0.19971925522809114,0.1997192552280911,2.7755575615628914e-17,0.1439681138310923,0.1439681138310923,0.0
CALCE_CS2,3407,CS2_35,150,TRAIL_Lite,0.5772087275013443,0.5772087275013443,0.0,0.5472301102893421,0.5472301102893421,0.0
CALCE_CS2,3407,CS2_35,250,TRAIL_Lite,0.5483613873701058,0.5483613873701058,0.0,0.5163383872970967,0.5163383872970967,0.0
CALCE_CS2,3407,CS2_35,350,TRAIL_Lite,0.5154648642353705,0.5154648642353705,0.0,0.4828681148193022,0.4828681148193022,0.0
CALCE_CS2,3407,CS2_35,150,TRAIL_full,0.3668093598121958,0.3668093598121958,0.0,0.3234044736822501,0.3234044736822501,0.0
CALCE_CS2,3407,CS2_35,250,TRAIL_full,0.3328310029595244,0.3328310029595244,0.0,0.2924776254793496,0.2924776254793496,0.0
CALCE_CS2,3407,CS2_35,350,TRAIL_full,0.2961383828072368,0.2961383828072368,0.0,0.2652936357918053,0.2652936357918053,0.0
CALCE_CS2,3407,CS2_36,150,Local_linear_anchor,0.582115500168527,0.582115500168527,0.0,0.48296568622339775,0.4829656862233977,5.551115123125783e-17
CALCE_CS2,3407,CS2_36,250,Local_linear_anchor,0.7249845505448596,0.7249845505448596,0.0,0.6123503047562986,0.6123503047562986,0.0
CALCE_CS2,3407,CS2_36,350,Local_linear_anchor,0.06260220046481009,0.06260220046481,8.326672684688674e-17,0.035809768645870356,0.0358097686458703,5.551115123125783e-17
CALCE_CS2,3407,CS2_36,150,TRAIL_Lite,0.2997364489316471,0.2997364489316471,0.0,0.26308374810331653,0.2630837481033165,5.551115123125783e-17
CALCE_CS2,3407,CS2_36,250,TRAIL_Lite,0.2597174662264368,0.2597174662264368,0.0,0.22386048749783977,0.2238604874978397,5.551115123125783e-17
CALCE_CS2,3407,CS2_36,350,TRAIL_Lite,0.22426410904338057,0.2242641090433805,5.551115123125783e-17,0.19366564847441908,0.193665648474419,8.326672684688674e-17
CALCE_CS2,3407,CS2_36,150,TRAIL_full,0.11937752843007715,0.1193775284300771,5.551115123125783e-17,0.10677007676772508,0.106770076767725,8.326672684688674e-17
CALCE_CS2,3407,CS2_36,250,TRAIL_full,0.10508928613143337,0.1050892861314333,6.938893903907228e-17,0.09152389068263475,0.0915238906826347,5.551115123125783e-17
CALCE_CS2,3407,CS2_36,350,TRAIL_full,0.0909371320874125,0.0909371320874125,0.0,0.07774809180570956,0.0777480918057095,5.551115123125783e-17
CALCE_CS2,3407,CS2_37,150,Local_linear_anchor,0.7350665416058683,0.7350665416058683,0.0,0.6169485851899518,0.6169485851899518,0.0
CALCE_CS2,3407,CS2_37,250,Local_linear_anchor,0.055045789786175685,0.0550457897861756,8.326672684688674e-17,0.04703399529207957,0.0470339952920795,6.938893903907228e-17
CALCE_CS2,3407,CS2_37,350,Local_linear_anchor,1.7677328508995722,1.7677328508995722,0.0,1.5175562802056568,1.5175562802056568,0.0
CALCE_CS2,3407,CS2_37,150,TRAIL_Lite,0.21000111421766232,0.2100011142176623,2.7755575615628914e-17,0.1951949052604573,0.1951949052604573,0.0
CALCE_CS2,3407,CS2_37,250,TRAIL_Lite,0.203900060251649,0.203900060251649,0.0,0.1904933225941342,0.1904933225941342,0.0
CALCE_CS2,3407,CS2_37,350,TRAIL_Lite,0.18562796333378245,0.1856279633337824,5.551115123125783e-17,0.17198275772626767,0.1719827577262676,8.326672684688674e-17
CALCE_CS2,3407,CS2_37,150,TRAIL_full,0.3199147475606536,0.3199147475606536,0.0,0.26526806241759093,0.2652680624175909,5.551115123125783e-17
CALCE_CS2,3407,CS2_37,250,TRAIL_full,0.31743035646154427,0.3174303564615442,5.551115123125783e-17,0.26542335101636993,0.2654233510163699,5.551115123125783e-17
CALCE_CS2,3407,CS2_37,350,TRAIL_full,0.3133212327730899,0.3133212327730899,0.0,0.26807320551446073,0.2680732055144607,5.551115123125783e-17
CALCE_CS2,3407,CS2_38,150,Local_linear_anchor,0.06881862433888897,0.0688186243388889,6.938893903907228e-17,0.04697759616261101,0.046977596162611,1.3877787807814457e-17
CALCE_CS2,3407,CS2_38,250,Local_linear_anchor,0.10282604846764175,0.1028260484676417,4.163336342344337e-17,0.05959327312785,0.05959327312785,0.0
CALCE_CS2,3407,CS2_38,350,Local_linear_anchor,0.2635499380577565,0.2635499380577565,0.0,0.2086171027948802,0.2086171027948802,0.0
CALCE_CS2,3407,CS2_38,150,TRAIL_Lite,0.1958359639432087,0.1958359639432087,0.0,0.15349587390679367,0.1534958739067936,8.326672684688674e-17
CALCE_CS2,3407,CS2_38,250,TRAIL_Lite,0.1967104130362082,0.1967104130362082,0.0,0.15413763873993822,0.1541376387399382,2.7755575615628914e-17
CALCE_CS2,3407,CS2_38,350,TRAIL_Lite,0.20231686782933828,0.2023168678293382,8.326672684688674e-17,0.16495422038195218,0.1649542203819521,8.326672684688674e-17
CALCE_CS2,3407,CS2_38,150,TRAIL_full,0.22340071553120253,0.2234007155312025,2.7755575615628914e-17,0.16064482487292583,0.1606448248729258,2.7755575615628914e-17
CALCE_CS2,3407,CS2_38,250,TRAIL_full,0.24065080397435776,0.2406508039743577,5.551115123125783e-17,0.18269489731563437,0.1826948973156343,8.326672684688674e-17
CALCE_CS2,3407,CS2_38,350,TRAIL_full,0.2659670247556783,0.2659670247556783,0.0,0.21704376996376873,0.2170437699637687,2.7755575615628914e-17
XJTU_B2,42,B2_3C_battery-1,70,Local_linear_anchor,0.09855256337077993,0.0985525633707799,2.7755575615628914e-17,0.06775529734184765,0.0677552973418476,5.551115123125783e-17
XJTU_B2,42,B2_3C_battery-1,130,Local_linear_anchor,0.06588682950653928,0.0658868295065392,8.326672684688674e-17,0.03833781490978287,0.0383378149097828,6.938893903907228e-17
XJTU_B2,42,B2_3C_battery-1,190,Local_linear_anchor,0.08455626599527286,0.0845562659952728,5.551115123125783e-17,0.060644005202329154,0.0606440052023291,5.551115123125783e-17
XJTU_B2,42,B2_3C_battery-1,70,TRAIL_Lite,0.06590788472058054,0.0659078847205805,4.163336342344337e-17,0.048077225254984556,0.0480772252549845,5.551115123125783e-17
XJTU_B2,42,B2_3C_battery-1,130,TRAIL_Lite,0.057491467235557876,0.0574914672355578,7.632783294297951e-17,0.03984344489838447,0.0398434448983844,6.938893903907228e-17
XJTU_B2,42,B2_3C_battery-1,190,TRAIL_Lite,0.03358823604238054,0.0335882360423805,3.469446951953614e-17,0.025278855675013628,0.0252788556750136,2.7755575615628914e-17
XJTU_B2,42,B2_3C_battery-1,70,TRAIL_full,0.06866382331216747,0.0686638233121674,6.938893903907228e-17,0.04205010632582181,0.0420501063258218,1.3877787807814457e-17
XJTU_B2,42,B2_3C_battery-1,130,TRAIL_full,0.08044929324559193,0.0804492932455919,2.7755575615628914e-17,0.05371402991755174,0.0537140299175517,4.163336342344337e-17
XJTU_B2,42,B2_3C_battery-1,190,TRAIL_full,0.03660156866825597,0.0366015686682559,6.938893903907228e-17,0.02736420565038958,0.0273642056503895,8.326672684688674e-17
XJTU_B2,42,B2_3C_battery-10,70,Local_linear_anchor,0.054714418487085546,0.0547144184870855,4.85722573273506e-17,0.033563595190974356,0.0335635951909743,5.551115123125783e-17
XJTU_B2,42,B2_3C_battery-10,130,Local_linear_anchor,0.031746488868136594,0.0317464888681365,9.020562075079397e-17,0.023724220522485077,0.023724220522485,7.632783294297951e-17
XJTU_B2,42,B2_3C_battery-10,70,TRAIL_Lite,0.05143729813579214,0.0514372981357921,4.163336342344337e-17,0.03643967562533441,0.0364396756253344,6.938893903907228e-18
XJTU_B2,42,B2_3C_battery-10,130,TRAIL_Lite,0.015137345207511109,0.0151373452075111,8.673617379884035e-18,0.009583757368456455,0.0095837573684564,5.377642775528102e-17
XJTU_B2,42,B2_3C_battery-10,70,TRAIL_full,0.056871720680785914,0.0568717206807859,1.3877787807814457e-17,0.03942479544497552,0.0394247954449755,2.0816681711721685e-17
XJTU_B2,42,B2_3C_battery-10,130,TRAIL_full,0.007444411606665987,0.0074444116066659,8.673617379884035e-17,0.004262976979007271,0.0042629769790072,7.112366251504909e-17
XJTU_B2,42,B2_3C_battery-11,70,Local_linear_anchor,0.05670025987402122,0.0567002598740212,2.0816681711721685e-17,0.03652269880004499,0.0365226988000449,9.020562075079397e-17
XJTU_B2,42,B2_3C_battery-11,70,TRAIL_Lite,0.032810394818997,0.032810394818997,0.0,0.022705825874900356,0.0227058258749003,5.551115123125783e-17
XJTU_B2,42,B2_3C_battery-11,70,TRAIL_full,0.024546170003076958,0.0245461700030769,5.898059818321144e-17,0.016509889524491086,0.016509889524491,8.673617379884035e-17
XJTU_B2,42,B2_3C_battery-12,70,Local_linear_anchor,0.06673593942739628,0.0667359394273962,8.326672684688674e-17,0.03968746577736634,0.0396874657773663,4.163336342344337e-17
XJTU_B2,42,B2_3C_battery-12,130,Local_linear_anchor,0.0676935854467405,0.0676935854467405,0.0,0.04615905676413138,0.0461590567641313,8.326672684688674e-17
XJTU_B2,42,B2_3C_battery-12,190,Local_linear_anchor,0.014775043468307962,0.0147750434683079,6.245004513516506e-17,0.010875002812808298,0.0108750028128082,9.8879238130678e-17
XJTU_B2,42,B2_3C_battery-12,70,TRAIL_Lite,0.023654642819274017,0.023654642819274,1.734723475976807e-17,0.016729509029350068,0.01672950902935,6.591949208711867e-17
XJTU_B2,42,B2_3C_battery-12,130,TRAIL_Lite,0.029352073839130226,0.0293520738391302,2.7755575615628914e-17,0.01827012713860966,0.0182701271386096,5.898059818321144e-17
XJTU_B2,42,B2_3C_battery-12,190,TRAIL_Lite,0.0033032086024077467,0.0033032086024077,4.683753385137379e-17,0.002481808111265133,0.0024818081112651,3.2959746043559335e-17
XJTU_B2,42,B2_3C_battery-12,70,TRAIL_full,0.013035483260435602,0.0130354832604356,1.734723475976807e-18,0.008928223679003337,0.0089282236790033,3.642919299551295e-17
XJTU_B2,42,B2_3C_battery-12,130,TRAIL_full,0.03413641385034802,0.034136413850348,2.0816681711721685e-17,0.021922215956844102,0.0219222159568441,3.469446951953614e-18
XJTU_B2,42,B2_3C_battery-12,190,TRAIL_full,0.011367821195618693,0.0113678211956186,9.367506770274758e-17,0.007678855995079115,0.0076788559950791,1.474514954580286e-17
XJTU_B2,42,B2_3C_battery-13,70,Local_linear_anchor,0.07969757695838706,0.079697576958387,5.551115123125783e-17,0.04884986951718311,0.0488498695171831,1.3877787807814457e-17
XJTU_B2,42,B2_3C_battery-13,130,Local_linear_anchor,0.08281092315350594,0.0828109231535059,4.163336342344337e-17,0.0581623869266154,0.0581623869266154,0.0
XJTU_B2,42,B2_3C_battery-13,190,Local_linear_anchor,0.024179795450027377,0.0241797954500273,7.632783294297951e-17,0.01789039390435583,0.0178903939043558,3.122502256758253e-17
XJTU_B2,42,B2_3C_battery-13,70,TRAIL_Lite,0.06981886943367767,0.0698188694336776,6.938893903907228e-17,0.04160886606890641,0.0416088660689064,6.938893903907228e-18
XJTU_B2,42,B2_3C_battery-13,130,TRAIL_Lite,0.07842843464959925,0.0784284346495992,5.551115123125783e-17,0.05586039660941986,0.0558603966094198,6.245004513516506e-17
XJTU_B2,42,B2_3C_battery-13,190,TRAIL_Lite,0.013523560665496393,0.0135235606654963,9.367506770274758e-17,0.00968707559979152,0.0096870755997915,2.0816681711721685e-17
XJTU_B2,42,B2_3C_battery-13,70,TRAIL_full,0.057333333199475735,0.0573333331994757,3.469446951953614e-17,0.03236273608801565,0.0323627360880156,5.551115123125783e-17
XJTU_B2,42,B2_3C_battery-13,130,TRAIL_full,0.07635015720257882,0.0763501572025788,1.3877787807814457e-17,0.05442254258763222,0.0544225425876322,2.0816681711721685e-17
XJTU_B2,42,B2_3C_battery-13,190,TRAIL_full,0.017449037342794863,0.0174490373427948,6.245004513516506e-17,0.012514143769703223,0.0125141437697032,2.2551405187698492e-17
XJTU_B2,42,B2_3C_battery-14,70,Local_linear_anchor,0.0586290171794855,0.0586290171794855,0.0,0.03615404614535767,0.0361540461453576,6.938893903907228e-17
XJTU_B2,42,B2_3C_battery-14,130,Local_linear_anchor,0.019456575957656246,0.0194565759576562,4.5102810375396984e-17,0.015007826880375235,0.0150078268803752,3.469446951953614e-17
XJTU_B2,42,B2_3C_battery-14,70,TRAIL_Lite,0.03663063444899075,0.0366306344489907,4.85722573273506e-17,0.02439630968274344,0.0243963096827434,3.8163916471489756e-17
XJTU_B2,42,B2_3C_battery-14,130,TRAIL_Lite,0.012086206545905972,0.0120862065459059,7.112366251504909e-17,0.008980349468583823,0.0089803494685838,2.2551405187698492e-17
XJTU_B2,42,B2_3C_battery-14,70,TRAIL_full,0.030754987527219814,0.0307549875272198,1.3877787807814457e-17,0.020548579720265345,0.0205485797202653,4.5102810375396984e-17
XJTU_B2,42,B2_3C_battery-14,130,TRAIL_full,0.011432346001849437,0.0114323460018494,3.642919299551295e-17,0.008774040262238322,0.0087740402622383,2.0816681711721685e-17
XJTU_B2,42,B2_3C_battery-15,70,Local_linear_anchor,0.0525459180707446,0.0525459180707446,0.0,0.03287775088699645,0.0328777508869964,5.551115123125783e-17
XJTU_B2,42,B2_3C_battery-15,130,Local_linear_anchor,0.030936699972627643,0.0309366999726276,4.163336342344337e-17,0.023371584781733377,0.0233715847817333,7.632783294297951e-17
XJTU_B2,42,B2_3C_battery-15,70,TRAIL_Lite,0.17617955173058372,0.1761795517305837,2.7755575615628914e-17,0.10832577577346268,0.1083257757734626,8.326672684688674e-17
XJTU_B2,42,B2_3C_battery-15,130,TRAIL_Lite,0.03722572401360203,0.037225724013602,2.7755575615628914e-17,0.02559459142756643,0.0255945914275664,3.122502256758253e-17
XJTU_B2,42,B2_3C_battery-15,70,TRAIL_full,0.1153529005095138,0.1153529005095138,0.0,0.06991760795526533,0.0699176079552653,2.7755575615628914e-17
XJTU_B2,42,B2_3C_battery-15,130,TRAIL_full,0.010379742133668941,0.0103797421336689,4.163336342344337e-17,0.0069113774909112845,0.0069113774909112,8.413408858487514e-17
XJTU_B2,42,B2_3C_battery-2,70,Local_linear_anchor,0.07363322379789623,0.0736332237978962,2.7755575615628914e-17,0.04473483477412297,0.0447348347741229,6.938893903907228e-17
XJTU_B2,42,B2_3C_battery-2,130,Local_linear_anchor,0.08531004552382364,0.0853100455238236,4.163336342344337e-17,0.055236377782874255,0.0552363777828742,5.551115123125783e-17
XJTU_B2,42,B2_3C_battery-2,190,Local_linear_anchor,0.07151326747377974,0.0715132674737797,4.163336342344337e-17,0.047153222621183204,0.0471532226211832,6.938893903907228e-18
XJTU_B2,42,B2_3C_battery-2,70,TRAIL_Lite,0.04763710287685569,0.0476371028768556,9.020562075079397e-17,0.04005062841847444,0.0400506284184744,4.163336342344337e-17
XJTU_B2,42,B2_3C_battery-2,130,TRAIL_Lite,0.04852083564927323,0.0485208356492732,2.7755575615628914e-17,0.033738426285025526,0.0337384262850255,2.7755575615628914e-17
XJTU_B2,42,B2_3C_battery-2,190,TRAIL_Lite,0.05249907098282668,0.0524990709828266,8.326672684688674e-17,0.038855580534253795,0.0388555805342537,9.71445146547012e-17
XJTU_B2,42,B2_3C_battery-2,70,TRAIL_full,0.01502029248365873,0.0150202924836587,3.122502256758253e-17,0.011398452686373657,0.0113984526863736,5.724587470723463e-17
XJTU_B2,42,B2_3C_battery-2,130,TRAIL_full,0.02752119080893388,0.0275211908089338,7.979727989493313e-17,0.016332391398293632,0.0163323913982936,3.122502256758253e-17
XJTU_B2,42,B2_3C_battery-2,190,TRAIL_full,0.07129064667395404,0.071290646673954,4.163336342344337e-17,0.0517827095224076,0.0517827095224076,0.0
XJTU_B2,42,B2_3C_battery-3,70,Local_linear_anchor,0.15395052351159363,0.1539505235115936,2.7755575615628914e-17,0.10962396894065828,0.1096239689406582,6.938893903907228e-17
XJTU_B2,42,B2_3C_battery-3,130,Local_linear_anchor,0.08760019258122208,0.087600192581222,8.326672684688674e-17,0.05345134571329931,0.0534513457132993,1.3877787807814457e-17
XJTU_B2,42,B2_3C_battery-3,190,Local_linear_anchor,0.11577998762583125,0.1157799876258312,5.551115123125783e-17,0.08796531189595709,0.087965311895957,9.71445146547012e-17
XJTU_B2,42,B2_3C_battery-3,70,TRAIL_Lite,0.09047526555594841,0.0904752655559484,1.3877787807814457e-17,0.05968117887885482,0.0596811788788548,1.3877787807814457e-17
XJTU_B2,42,B2_3C_battery-3,130,TRAIL_Lite,0.08820727246025069,0.0882072724602506,8.326672684688674e-17,0.06057394008234745,0.0605739400823474,4.85722573273506e-17
XJTU_B2,42,B2_3C_battery-3,190,TRAIL_Lite,0.08462896789121774,0.0846289678912177,4.163336342344337e-17,0.06651785482962927,0.0665178548296292,6.938893903907228e-17
XJTU_B2,42,B2_3C_battery-3,70,TRAIL_full,0.07480107262031435,0.0748010726203143,5.551115123125783e-17,0.039564433961318285,0.0395644339613182,8.326672684688674e-17
XJTU_B2,42,B2_3C_battery-3,130,TRAIL_full,0.09509718538157834,0.0950971853815783,4.163336342344337e-17,0.059682454373810326,0.0596824543738103,2.7755575615628914e-17
XJTU_B2,42,B2_3C_battery-3,190,TRAIL_full,0.10505612263781042,0.1050561226378104,1.3877787807814457e-17,0.08123941853642465,0.0812394185364246,4.163336342344337e-17
XJTU_B2,42,B2_3C_battery-4,70,Local_linear_anchor,0.1085110206602952,0.1085110206602952,0.0,0.08096354985607913,0.0809635498560791,2.7755575615628914e-17
XJTU_B2,42,B2_3C_battery-4,130,Local_linear_anchor,0.046123753201652073,0.046123753201652,7.632783294297951e-17,0.02917780372872252,0.0291778037287225,1.734723475976807e-17
XJTU_B2,42,B2_3C_battery-4,190,Local_linear_anchor,0.0865081500869761,0.0865081500869761,0.0,0.0650652747880169,0.0650652747880169,0.0
XJTU_B2,42,B2_3C_battery-4,70,TRAIL_Lite,0.06430858234273817,0.0643085823427381,6.938893903907228e-17,0.05392459597014516,0.0539245959701451,5.551115123125783e-17
XJTU_B2,42,B2_3C_battery-4,130,TRAIL_Lite,0.02608695346145935,0.0260869534614593,4.85722573273506e-17,0.022262352917875566,0.0222623529178755,6.591949208711867e-17
XJTU_B2,42,B2_3C_battery-4,190,TRAIL_Lite,0.037843238923275624,0.0378432389232756,2.0816681711721685e-17,0.025875753375874982,0.0258757533758749,8.326672684688674e-17
XJTU_B2,42,B2_3C_battery-4,70,TRAIL_full,0.10450214716829853,0.1045021471682985,2.7755575615628914e-17,0.0722271754660574,0.0722271754660574,0.0
XJTU_B2,42,B2_3C_battery-4,130,TRAIL_full,0.12609016403002649,0.1260901640300264,8.326672684688674e-17,0.0889231207881655,0.0889231207881655,0.0
XJTU_B2,42,B2_3C_battery-4,190,TRAIL_full,0.025165821686602474,0.0251658216866024,7.28583859910259e-17,0.02067935144849669,0.0206793514484966,9.020562075079397e-17
XJTU_B2,42,B2_3C_battery-5,70,Local_linear_anchor,0.10347328742457056,0.1034732874245705,5.551115123125783e-17,0.07171072429856644,0.0717107242985664,4.163336342344337e-17
XJTU_B2,42,B2_3C_battery-5,130,Local_linear_anchor,0.07861737585119219,0.0786173758511921,8.326672684688674e-17,0.04755052118884397,0.0475505211888439,6.938893903907228e-17
XJTU_B2,42,B2_3C_battery-5,190,Local_linear_anchor,0.0836960917749466,0.0836960917749466,0.0,0.06046359154280314,0.0604635915428031,4.163336342344337e-17
XJTU_B2,42,B2_3C_battery-5,70,TRAIL_Lite,0.06967850284467104,0.069678502844671,4.163336342344337e-17,0.05409282912511808,0.054092829125118,7.632783294297951e-17
XJTU_B2,42,B2_3C_battery-5,130,TRAIL_Lite,0.051109545350138695,0.0511095453501386,9.71445146547012e-17,0.03777787018882811,0.0377778701888281,1.3877787807814457e-17
XJTU_B2,42,B2_3C_battery-5,190,TRAIL_Lite,0.008473582999113306,0.0084735829991133,6.938893903907228e-18,0.0057801261985890905,0.005780126198589,9.020562075079397e-17
XJTU_B2,42,B2_3C_battery-5,70,TRAIL_full,0.06753922278043258,0.0675392227804325,6.938893903907228e-17,0.04573137231350246,0.0457313723135024,6.245004513516506e-17
XJTU_B2,42,B2_3C_battery-5,130,TRAIL_full,0.07728716354668955,0.0772871635466895,4.163336342344337e-17,0.05161420150166194,0.0516142015016619,4.163336342344337e-17
XJTU_B2,42,B2_3C_battery-5,190,TRAIL_full,0.03826960290294215,0.0382696029029421,4.85722573273506e-17,0.02847862909441796,0.0284786290944179,6.245004513516506e-17
XJTU_B2,42,B2_3C_battery-6,70,Local_linear_anchor,0.08573854346523156,0.0857385434652315,5.551115123125783e-17,0.05699899798915663,0.0569989979891566,2.7755575615628914e-17
XJTU_B2,42,B2_3C_battery-6,130,Local_linear_anchor,0.08421737774369929,0.0842173777436992,9.71445146547012e-17,0.05430175169524646,0.0543017516952464,6.245004513516506e-17
XJTU_B2,42,B2_3C_battery-6,190,Local_linear_anchor,0.0716395526292414,0.0716395526292414,0.0,0.04880241836897222,0.0488024183689722,2.0816681711721685e-17
XJTU_B2,42,B2_3C_battery-6,70,TRAIL_Lite,0.05176913467455315,0.0517691346745531,4.85722573273506e-17,0.04306379173293947,0.0430637917329394,6.938893903907228e-17
XJTU_B2,42,B2_3C_battery-6,130,TRAIL_Lite,0.049998127283192785,0.0499981272831927,8.326672684688674e-17,0.03941321968251752,0.0394132196825175,2.0816681711721685e-17
XJTU_B2,42,B2_3C_battery-6,190,TRAIL_Lite,0.008576394424884892,0.0085763944248848,9.194034422677078e-17,0.0070212896293375985,0.0070212896293375,9.8879238130678e-17
XJTU_B2,42,B2_3C_battery-6,70,TRAIL_full,0.07749648649036979,0.0774964864903697,8.326672684688674e-17,0.0444466506391426,0.0444466506391426,0.0
XJTU_B2,42,B2_3C_battery-6,130,TRAIL_full,0.09319293714924341,0.0931929371492434,1.3877787807814457e-17,0.05605925551340694,0.0560592555134069,3.469446951953614e-17
XJTU_B2,42,B2_3C_battery-6,190,TRAIL_full,0.11433940323578114,0.1143394032357811,4.163336342344337e-17,0.08221934776182298,0.0822193477618229,8.326672684688674e-17
XJTU_B2,42,B2_3C_battery-7,70,Local_linear_anchor,0.17467927950333884,0.1746792795033388,2.7755575615628914e-17,0.12960275006436045,0.1296027500643604,5.551115123125783e-17
XJTU_B2,42,B2_3C_battery-7,130,Local_linear_anchor,0.09715191883662531,0.0971519188366253,1.3877787807814457e-17,0.06423507845611699,0.0642350784561169,9.71445146547012e-17
XJTU_B2,42,B2_3C_battery-7,190,Local_linear_anchor,0.08568745548239362,0.0856874554823936,1.3877787807814457e-17,0.06392254607700151,0.0639225460770015,1.3877787807814457e-17
XJTU_B2,42,B2_3C_battery-7,70,TRAIL_Lite,0.05724551831549925,0.0572455183154992,4.85722573273506e-17,0.046150891915724586,0.0461508919157245,8.326672684688674e-17
XJTU_B2,42,B2_3C_battery-7,130,TRAIL_Lite,0.057786595091318185,0.0577865950913181,8.326672684688674e-17,0.047310508223437756,0.0473105082234377,5.551115123125783e-17
XJTU_B2,42,B2_3C_battery-7,190,TRAIL_Lite,0.16724055686148015,0.1672405568614801,5.551115123125783e-17,0.09152191802327948,0.0915219180232794,8.326672684688674e-17
XJTU_B2,42,B2_3C_battery-7,70,TRAIL_full,0.0741354841330298,0.0741354841330298,0.0,0.04551377737009177,0.0455137773700917,6.938893903907228e-17
XJTU_B2,42,B2_3C_battery-7,130,TRAIL_full,0.08385332840505769,0.0838533284050576,8.326672684688674e-17,0.05873224745928476,0.0587322474592847,5.551115123125783e-17
XJTU_B2,42,B2_3C_battery-7,190,TRAIL_full,0.010533853829021713,0.0105338538290217,1.3877787807814457e-17,0.008403507440721186,0.0084035074407211,8.673617379884035e-17
XJTU_B2,42,B2_3C_battery-8,70,Local_linear_anchor,0.0690396392516463,0.0690396392516463,0.0,0.04257469807203952,0.0425746980720395,2.0816681711721685e-17
XJTU_B2,42,B2_3C_battery-8,130,Local_linear_anchor,0.07067121194084004,0.07067121194084,4.163336342344337e-17,0.04226051597920979,0.0422605159792097,9.020562075079397e-17
XJTU_B2,42,B2_3C_battery-8,190,Local_linear_anchor,0.06370390976339976,0.0637039097633997,6.938893903907228e-17,0.04036286520913579,0.0403628652091357,9.020562075079397e-17
XJTU_B2,42,B2_3C_battery-8,70,TRAIL_Lite,0.07956415766625485,0.0795641576662548,5.551115123125783e-17,0.05646625703062332,0.0564662570306233,2.0816681711721685e-17
XJTU_B2,42,B2_3C_battery-8,130,TRAIL_Lite,0.07955919715788377,0.0795591971578837,6.938893903907228e-17,0.05185958398020999,0.0518595839802099,9.020562075079397e-17
XJTU_B2,42,B2_3C_battery-8,190,TRAIL_Lite,0.06390269192693854,0.0639026919269385,4.163336342344337e-17,0.04376603501864844,0.0437660350186484,4.163336342344337e-17
XJTU_B2,42,B2_3C_battery-8,70,TRAIL_full,0.07786362398079658,0.0778636239807965,6.938893903907228e-17,0.048029540826933746,0.0480295408269337,4.85722573273506e-17
XJTU_B2,42,B2_3C_battery-8,130,TRAIL_full,0.08785205329763601,0.087852053297636,1.3877787807814457e-17,0.05393296732124019,0.0539329673212401,9.020562075079397e-17
XJTU_B2,42,B2_3C_battery-8,190,TRAIL_full,0.07399865259254826,0.0739986525925482,5.551115123125783e-17,0.05049817505904608,0.050498175059046,8.326672684688674e-17
XJTU_B2,42,B2_3C_battery-9,70,Local_linear_anchor,0.0925935025305491,0.0925935025305491,0.0,0.06503893260321927,0.0650389326032192,6.938893903907228e-17
XJTU_B2,42,B2_3C_battery-9,130,Local_linear_anchor,0.05959420806313244,0.0595942080631324,4.163336342344337e-17,0.03857685136642969,0.0385768513664296,9.020562075079397e-17
XJTU_B2,42,B2_3C_battery-9,190,Local_linear_anchor,0.044317006138269714,0.0443170061382697,1.3877787807814457e-17,0.03045004732152613,0.0304500473215261,3.122502256758253e-17
XJTU_B2,42,B2_3C_battery-9,70,TRAIL_Lite,0.013006147350396945,0.0130061473503969,4.5102810375396984e-17,0.009467249767336117,0.0094672497673361,1.734723475976807e-17
XJTU_B2,42,B2_3C_battery-9,130,TRAIL_Lite,0.025839612104430663,0.0258396121044306,6.245004513516506e-17,0.01479356235802662,0.0147935623580266,2.0816681711721685e-17
XJTU_B2,42,B2_3C_battery-9,190,TRAIL_Lite,0.13839009084767112,0.1383900908476711,2.7755575615628914e-17,0.09209776815293641,0.0920977681529364,1.3877787807814457e-17
XJTU_B2,42,B2_3C_battery-9,70,TRAIL_full,0.0718065941596526,0.0718065941596526,0.0,0.04261001515655316,0.0426100151565531,6.245004513516506e-17
XJTU_B2,42,B2_3C_battery-9,130,TRAIL_full,0.08699158597891395,0.0869915859789139,4.163336342344337e-17,0.06221344349230279,0.0622134434923027,9.020562075079397e-17
XJTU_B2,42,B2_3C_battery-9,190,TRAIL_full,0.027692207771053988,0.0276922077710539,8.673617379884035e-17,0.02308293132051628,0.0230829313205162,7.979727989493313e-17
XJTU_B2,2024,B2_3C_battery-1,70,Local_linear_anchor,0.09855256337077993,0.0985525633707799,2.7755575615628914e-17,0.06775529734184765,0.0677552973418476,5.551115123125783e-17
XJTU_B2,2024,B2_3C_battery-1,130,Local_linear_anchor,0.06588682950653928,0.0658868295065392,8.326672684688674e-17,0.03833781490978287,0.0383378149097828,6.938893903907228e-17
XJTU_B2,2024,B2_3C_battery-1,190,Local_linear_anchor,0.08455626599527286,0.0845562659952728,5.551115123125783e-17,0.060644005202329154,0.0606440052023291,5.551115123125783e-17
XJTU_B2,2024,B2_3C_battery-1,70,TRAIL_Lite,0.037833188670828785,0.0378331886708287,8.326672684688674e-17,0.029007856885418626,0.0290078568854186,2.42861286636753e-17
XJTU_B2,2024,B2_3C_battery-1,130,TRAIL_Lite,0.005783704214351303,0.0057837042143513,2.6020852139652106e-18,0.004647608652219678,0.0046476086522196,7.806255641895632e-17
XJTU_B2,2024,B2_3C_battery-1,190,TRAIL_Lite,0.015138312958718605,0.0151383129587186,5.204170427930421e-18,0.010174747443292899,0.0101747474432928,9.8879238130678e-17
XJTU_B2,2024,B2_3C_battery-1,70,TRAIL_full,0.014649746124894983,0.0146497461248949,8.326672684688674e-17,0.009093428373782991,0.0090934283737829,9.194034422677078e-17
XJTU_B2,2024,B2_3C_battery-1,130,TRAIL_full,0.01691258767855863,0.0169125876785586,2.7755575615628914e-17,0.010385173667011277,0.0103851736670112,7.632783294297951e-17
XJTU_B2,2024,B2_3C_battery-1,190,TRAIL_full,0.017608413966213744,0.0176084139662137,4.5102810375396984e-17,0.013033603894444933,0.0130336038944449,3.2959746043559335e-17
XJTU_B2,2024,B2_3C_battery-10,70,Local_linear_anchor,0.054714418487085546,0.0547144184870855,4.85722573273506e-17,0.033563595190974356,0.0335635951909743,5.551115123125783e-17
XJTU_B2,2024,B2_3C_battery-10,130,Local_linear_anchor,0.031746488868136594,0.0317464888681365,9.020562075079397e-17,0.023724220522485077,0.023724220522485,7.632783294297951e-17
XJTU_B2,2024,B2_3C_battery-10,70,TRAIL_Lite,0.044313541178712015,0.044313541178712,1.3877787807814457e-17,0.024598425798503108,0.0245984257985031,6.938893903907228e-18
XJTU_B2,2024,B2_3C_battery-10,130,TRAIL_Lite,0.02546681591720046,0.0254668159172004,6.245004513516506e-17,0.01770010927745275,0.0177001092774527,5.204170427930421e-17
XJTU_B2,2024,B2_3C_battery-10,70,TRAIL_full,0.012718084169908996,0.0127180841699089,9.540979117872439e-17,0.010106917653765004,0.010106917653765,3.469446951953614e-18
XJTU_B2,2024,B2_3C_battery-10,130,TRAIL_full,0.04216996593974145,0.0421699659397414,4.85722573273506e-17,0.029499686681923754,0.0294996866819237,5.551115123125783e-17
XJTU_B2,2024,B2_3C_battery-11,70,Local_linear_anchor,0.05670025987402122,0.0567002598740212,2.0816681711721685e-17,0.03652269880004499,0.0365226988000449,9.020562075079397e-17
XJTU_B2,2024,B2_3C_battery-11,70,TRAIL_Lite,0.039394007799481864,0.0393940077994818,6.245004513516506e-17,0.026578806408116055,0.026578806408116,5.551115123125783e-17
XJTU_B2,2024,B2_3C_battery-11,70,TRAIL_full,0.0032229787513372056,0.0032229787513372,5.637851296924623e-18,0.0020923143203699698,0.0020923143203699,6.982261990806649e-17
XJTU_B2,2024,B2_3C_battery-12,70,Local_linear_anchor,0.06673593942739628,0.0667359394273962,8.326672684688674e-17,0.03968746577736634,0.0396874657773663,4.163336342344337e-17
XJTU_B2,2024,B2_3C_battery-12,130,Local_linear_anchor,0.0676935854467405,0.0676935854467405,0.0,0.04615905676413138,0.0461590567641313,8.326672684688674e-17
XJTU_B2,2024,B2_3C_battery-12,190,Local_linear_anchor,0.014775043468307962,0.0147750434683079,6.245004513516506e-17,0.010875002812808298,0.0108750028128082,9.8879238130678e-17
XJTU_B2,2024,B2_3C_battery-12,70,TRAIL_Lite,0.03232763251702224,0.0323276325170222,4.163336342344337e-17,0.018050749660737546,0.0180507496607375,4.5102810375396984e-17
XJTU_B2,2024,B2_3C_battery-12,130,TRAIL_Lite,0.06340579297926839,0.0634057929792683,9.71445146547012e-17,0.044477427578969275,0.0444774275789692,7.632783294297951e-17
XJTU_B2,2024,B2_3C_battery-12,190,TRAIL_Lite,0.002647612043872651,0.0026476120438726,5.074066167232161e-17,0.0018232438161775797,0.0018232438161775,7.979727989493313e-17
XJTU_B2,2024,B2_3C_battery-12,70,TRAIL_full,0.036307725280095,0.036307725280095,0.0,0.028068864812793394,0.0280688648127933,9.367506770274758e-17
XJTU_B2,2024,B2_3C_battery-12,130,TRAIL_full,0.026857749663979226,0.0268577496639792,2.42861286636753e-17,0.01645676772519686,0.0164567677251968,6.245004513516506e-17
XJTU_B2,2024,B2_3C_battery-12,190,TRAIL_full,0.004988539230809607,0.0049885392308096,6.938893903907228e-18,0.0032769500249391777,0.0032769500249391,7.762887554996212e-17
XJTU_B2,2024,B2_3C_battery-13,70,Local_linear_anchor,0.07969757695838706,0.079697576958387,5.551115123125783e-17,0.04884986951718311,0.0488498695171831,1.3877787807814457e-17
XJTU_B2,2024,B2_3C_battery-13,130,Local_linear_anchor,0.08281092315350594,0.0828109231535059,4.163336342344337e-17,0.0581623869266154,0.0581623869266154,0.0
XJTU_B2,2024,B2_3C_battery-13,190,Local_linear_anchor,0.024179795450027377,0.0241797954500273,7.632783294297951e-17,0.01789039390435583,0.0178903939043558,3.122502256758253e-17
XJTU_B2,2024,B2_3C_battery-13,70,TRAIL_Lite,0.031002720469536497,0.0310027204695364,9.71445146547012e-17,0.018914449845478208,0.0189144498454782,6.938893903907228e-18
XJTU_B2,2024,B2_3C_battery-13,130,TRAIL_Lite,0.0664788942323234,0.0664788942323234,0.0,0.047041596358730675,0.0470415963587306,7.632783294297951e-17
XJTU_B2,2024,B2_3C_battery-13,190,TRAIL_Lite,0.003818065739461601,0.0038180657394616,1.3010426069826053e-18,0.0029542464831518824,0.0029542464831518,8.239936510889834e-17
XJTU_B2,2024,B2_3C_battery-13,70,TRAIL_full,0.060623266953862755,0.0606232669538627,5.551115123125783e-17,0.03436167525197122,0.0343616752519712,2.0816681711721685e-17
XJTU_B2,2024,B2_3C_battery-13,130,TRAIL_full,0.07440745301320979,0.0744074530132097,9.71445146547012e-17,0.05239824343295324,0.0523982434329532,4.163336342344337e-17
XJTU_B2,2024,B2_3C_battery-13,190,TRAIL_full,0.010682747243758233,0.0106827472437582,3.2959746043559335e-17,0.0074948409966060165,0.007494840996606,1.6479873021779667e-17
XJTU_B2,2024,B2_3C_battery-14,70,Local_linear_anchor,0.0586290171794855,0.0586290171794855,0.0,0.03615404614535767,0.0361540461453576,6.938893903907228e-17
XJTU_B2,2024,B2_3C_battery-14,130,Local_linear_anchor,0.019456575957656246,0.0194565759576562,4.5102810375396984e-17,0.015007826880375235,0.0150078268803752,3.469446951953614e-17
XJTU_B2,2024,B2_3C_battery-14,70,TRAIL_Lite,0.07745872672945822,0.0774587267294582,2.7755575615628914e-17,0.04748811431099179,0.0474881143109917,9.020562075079397e-17
XJTU_B2,2024,B2_3C_battery-14,130,TRAIL_Lite,0.013299498567932602,0.0132994985679326,1.734723475976807e-18,0.009930594764837701,0.0099305947648377,1.734723475976807e-18
XJTU_B2,2024,B2_3C_battery-14,70,TRAIL_full,0.07459222655479673,0.0745922265547967,2.7755575615628914e-17,0.04782445325833748,0.0478244532583374,7.632783294297951e-17
XJTU_B2,2024,B2_3C_battery-14,130,TRAIL_full,0.007845419063241054,0.007845419063241,5.377642775528102e-17,0.0061025039849161135,0.0061025039849161,1.3877787807814457e-17
XJTU_B2,2024,B2_3C_battery-15,70,Local_linear_anchor,0.0525459180707446,0.0525459180707446,0.0,0.03287775088699645,0.0328777508869964,5.551115123125783e-17
XJTU_B2,2024,B2_3C_battery-15,130,Local_linear_anchor,0.030936699972627643,0.0309366999726276,4.163336342344337e-17,0.023371584781733377,0.0233715847817333,7.632783294297951e-17
XJTU_B2,2024,B2_3C_battery-15,70,TRAIL_Lite,0.21876659701679996,0.2187665970167999,5.551115123125783e-17,0.13927678792747744,0.1392767879274774,2.7755575615628914e-17
XJTU_B2,2024,B2_3C_battery-15,130,TRAIL_Lite,0.03402280427773658,0.0340228042777365,8.326672684688674e-17,0.02347063951564016,0.0234706395156401,5.898059818321144e-17
XJTU_B2,2024,B2_3C_battery-15,70,TRAIL_full,0.20396048996578575,0.2039604899657857,5.551115123125783e-17,0.12601523373495385,0.1260152337349538,5.551115123125783e-17
XJTU_B2,2024,B2_3C_battery-15,130,TRAIL_full,0.03669302693770332,0.0366930269377033,2.0816681711721685e-17,0.024614857333047066,0.024614857333047,6.591949208711867e-17
XJTU_B2,2024,B2_3C_battery-2,70,Local_linear_anchor,0.07363322379789623,0.0736332237978962,2.7755575615628914e-17,0.04473483477412297,0.0447348347741229,6.938893903907228e-17
XJTU_B2,2024,B2_3C_battery-2,130,Local_linear_anchor,0.08531004552382364,0.0853100455238236,4.163336342344337e-17,0.055236377782874255,0.0552363777828742,5.551115123125783e-17
XJTU_B2,2024,B2_3C_battery-2,190,Local_linear_anchor,0.07151326747377974,0.0715132674737797,4.163336342344337e-17,0.047153222621183204,0.0471532226211832,6.938893903907228e-18
XJTU_B2,2024,B2_3C_battery-2,70,TRAIL_Lite,0.08975054813739716,0.0897505481373971,6.938893903907228e-17,0.06380231442874924,0.0638023144287492,4.163336342344337e-17
XJTU_B2,2024,B2_3C_battery-2,130,TRAIL_Lite,0.04518022017135766,0.0451802201713576,5.551115123125783e-17,0.029167809797552752,0.0291678097975527,5.204170427930421e-17
XJTU_B2,2024,B2_3C_battery-2,190,TRAIL_Lite,0.05462257378552114,0.0546225737855211,4.163336342344337e-17,0.04022551708996128,0.0402255170899612,7.632783294297951e-17
XJTU_B2,2024,B2_3C_battery-2,70,TRAIL_full,0.08391775904331973,0.0839177590433197,2.7755575615628914e-17,0.05903941678387165,0.0590394167838716,5.551115123125783e-17
XJTU_B2,2024,B2_3C_battery-2,130,TRAIL_full,0.07842885370588142,0.0784288537058814,1.3877787807814457e-17,0.0517109079554388,0.0517109079554388,0.0
XJTU_B2,2024,B2_3C_battery-2,190,TRAIL_full,0.07333313502329379,0.0733331350232937,9.71445146547012e-17,0.05397744253436391,0.0539774425343639,6.938893903907228e-18
XJTU_B2,2024,B2_3C_battery-3,70,Local_linear_anchor,0.15395052351159363,0.1539505235115936,2.7755575615628914e-17,0.10962396894065828,0.1096239689406582,6.938893903907228e-17
XJTU_B2,2024,B2_3C_battery-3,130,Local_linear_anchor,0.08760019258122208,0.087600192581222,8.326672684688674e-17,0.05345134571329931,0.0534513457132993,1.3877787807814457e-17
XJTU_B2,2024,B2_3C_battery-3,190,Local_linear_anchor,0.11577998762583125,0.1157799876258312,5.551115123125783e-17,0.08796531189595709,0.087965311895957,9.71445146547012e-17
XJTU_B2,2024,B2_3C_battery-3,70,TRAIL_Lite,0.07048452684925438,0.0704845268492543,8.326672684688674e-17,0.04209054619546921,0.0420905461954692,6.938893903907228e-18
XJTU_B2,2024,B2_3C_battery-3,130,TRAIL_Lite,0.0748077041908735,0.0748077041908735,0.0,0.049145776811536854,0.0491457768115368,5.551115123125783e-17
XJTU_B2,2024,B2_3C_battery-3,190,TRAIL_Lite,0.08652790482584324,0.0865279048258432,4.163336342344337e-17,0.06796637311577798,0.0679663731157779,8.326672684688674e-17
XJTU_B2,2024,B2_3C_battery-3,70,TRAIL_full,0.08679748740616436,0.0867974874061643,5.551115123125783e-17,0.051349466591285024,0.051349466591285,2.0816681711721685e-17
XJTU_B2,2024,B2_3C_battery-3,130,TRAIL_full,0.09603630058452396,0.0960363005845239,5.551115123125783e-17,0.061637499713199054,0.061637499713199,5.551115123125783e-17
XJTU_B2,2024,B2_3C_battery-3,190,TRAIL_full,0.11157829963893934,0.1115782996389393,4.163336342344337e-17,0.08633107950290046,0.0863310795029004,5.551115123125783e-17
XJTU_B2,2024,B2_3C_battery-4,70,Local_linear_anchor,0.1085110206602952,0.1085110206602952,0.0,0.08096354985607913,0.0809635498560791,2.7755575615628914e-17
XJTU_B2,2024,B2_3C_battery-4,130,Local_linear_anchor,0.046123753201652073,0.046123753201652,7.632783294297951e-17,0.02917780372872252,0.0291778037287225,1.734723475976807e-17
XJTU_B2,2024,B2_3C_battery-4,190,Local_linear_anchor,0.0865081500869761,0.0865081500869761,0.0,0.0650652747880169,0.0650652747880169,0.0
XJTU_B2,2024,B2_3C_battery-4,70,TRAIL_Lite,0.015551655082539783,0.0155516550825397,8.326672684688674e-17,0.013058011497229405,0.0130580114972294,5.204170427930421e-18
XJTU_B2,2024,B2_3C_battery-4,130,TRAIL_Lite,0.042575762998615936,0.0425757629986159,3.469446951953614e-17,0.032706839020763136,0.0327068390207631,3.469446951953614e-17
XJTU_B2,2024,B2_3C_battery-4,190,TRAIL_Lite,0.03563946737526091,0.0356394673752609,6.938893903907228e-18,0.02995413088179255,0.0299541308817925,5.204170427930421e-17
XJTU_B2,2024,B2_3C_battery-4,70,TRAIL_full,0.07512501262854626,0.0751250126285462,5.551115123125783e-17,0.05580021258546652,0.0558002125854665,2.0816681711721685e-17
XJTU_B2,2024,B2_3C_battery-4,130,TRAIL_full,0.033526819572855325,0.0335268195728553,2.7755575615628914e-17,0.022181708616160204,0.0221817086161602,3.469446951953614e-18
XJTU_B2,2024,B2_3C_battery-4,190,TRAIL_full,0.027393314543486796,0.0273933145434867,9.71445146547012e-17,0.02050909981170257,0.0205090998117025,6.938893903907228e-17
XJTU_B2,2024,B2_3C_battery-5,70,Local_linear_anchor,0.10347328742457056,0.1034732874245705,5.551115123125783e-17,0.07171072429856644,0.0717107242985664,4.163336342344337e-17
XJTU_B2,2024,B2_3C_battery-5,130,Local_linear_anchor,0.07861737585119219,0.0786173758511921,8.326672684688674e-17,0.04755052118884397,0.0475505211888439,6.938893903907228e-17
XJTU_B2,2024,B2_3C_battery-5,190,Local_linear_anchor,0.0836960917749466,0.0836960917749466,0.0,0.06046359154280314,0.0604635915428031,4.163336342344337e-17
XJTU_B2,2024,B2_3C_battery-5,70,TRAIL_Lite,0.010106111713033048,0.010106111713033,4.85722573273506e-17,0.006663738160106364,0.0066637381601063,6.331740687315346e-17
XJTU_B2,2024,B2_3C_battery-5,130,TRAIL_Lite,0.016765944465733283,0.0167659444657332,8.326672684688674e-17,0.011568617542550745,0.0115686175425507,4.5102810375396984e-17
XJTU_B2,2024,B2_3C_battery-5,190,TRAIL_Lite,0.009527179649811259,0.0095271796498112,5.898059818321144e-17,0.006601081803580317,0.0066010818035803,1.6479873021779667e-17
XJTU_B2,2024,B2_3C_battery-5,70,TRAIL_full,0.0782486571616404,0.0782486571616404,0.0,0.051972742743879245,0.0519727427438792,4.85722573273506e-17
XJTU_B2,2024,B2_3C_battery-5,130,TRAIL_full,0.0765889513955037,0.0765889513955037,0.0,0.04987341219997488,0.0498734121999748,8.326672684688674e-17
XJTU_B2,2024,B2_3C_battery-5,190,TRAIL_full,0.026635886237820462,0.0266358862378204,6.245004513516506e-17,0.019605844172998488,0.0196058441729984,8.673617379884035e-17
XJTU_B2,2024,B2_3C_battery-6,70,Local_linear_anchor,0.08573854346523156,0.0857385434652315,5.551115123125783e-17,0.05699899798915663,0.0569989979891566,2.7755575615628914e-17
XJTU_B2,2024,B2_3C_battery-6,130,Local_linear_anchor,0.08421737774369929,0.0842173777436992,9.71445146547012e-17,0.05430175169524646,0.0543017516952464,6.245004513516506e-17
XJTU_B2,2024,B2_3C_battery-6,190,Local_linear_anchor,0.0716395526292414,0.0716395526292414,0.0,0.04880241836897222,0.0488024183689722,2.0816681711721685e-17
XJTU_B2,2024,B2_3C_battery-6,70,TRAIL_Lite,0.012514198942532608,0.0125141989425326,8.673617379884035e-18,0.01134541741412244,0.0113454174141224,3.9898639947466563e-17
XJTU_B2,2024,B2_3C_battery-6,130,TRAIL_Lite,0.02259016997574771,0.0225901699757477,6.938893903907228e-18,0.014249575836317876,0.0142495758363178,7.632783294297951e-17
XJTU_B2,2024,B2_3C_battery-6,190,TRAIL_Lite,0.018531821874853947,0.0185318218748539,4.5102810375396984e-17,0.011856257951620852,0.0118562579516208,5.204170427930421e-17
XJTU_B2,2024,B2_3C_battery-6,70,TRAIL_full,0.014490100367852756,0.0144901003678527,5.551115123125783e-17,0.010143460654888026,0.010143460654888,2.6020852139652106e-17
XJTU_B2,2024,B2_3C_battery-6,130,TRAIL_full,0.017042950106916428,0.0170429501069164,2.7755575615628914e-17,0.013534778854676646,0.0135347788546766,4.683753385137379e-17
XJTU_B2,2024,B2_3C_battery-6,190,TRAIL_full,0.022445016879040717,0.0224450168790407,1.734723475976807e-17,0.0185475461988738,0.0185475461988738,0.0
XJTU_B2,2024,B2_3C_battery-7,70,Local_linear_anchor,0.17467927950333884,0.1746792795033388,2.7755575615628914e-17,0.12960275006436045,0.1296027500643604,5.551115123125783e-17
XJTU_B2,2024,B2_3C_battery-7,130,Local_linear_anchor,0.09715191883662531,0.0971519188366253,1.3877787807814457e-17,0.06423507845611699,0.0642350784561169,9.71445146547012e-17
XJTU_B2,2024,B2_3C_battery-7,190,Local_linear_anchor,0.08568745548239362,0.0856874554823936,1.3877787807814457e-17,0.06392254607700151,0.0639225460770015,1.3877787807814457e-17
XJTU_B2,2024,B2_3C_battery-7,70,TRAIL_Lite,0.12989423191592334,0.1298942319159233,2.7755575615628914e-17,0.0938994288764599,0.0938994288764599,0.0
XJTU_B2,2024,B2_3C_battery-7,130,TRAIL_Lite,0.10861361290560378,0.1086136129056037,8.326672684688674e-17,0.08193590104066326,0.0819359010406632,5.551115123125783e-17
XJTU_B2,2024,B2_3C_battery-7,190,TRAIL_Lite,0.01485776121324856,0.0148577612132485,6.071532165918825e-17,0.011315116501065686,0.0113151165010656,8.500145032286355e-17
XJTU_B2,2024,B2_3C_battery-7,70,TRAIL_full,0.07113566366877462,0.0711356636687746,1.3877787807814457e-17,0.04724492793485344,0.0472449279348534,3.469446951953614e-17
XJTU_B2,2024,B2_3C_battery-7,130,TRAIL_full,0.08042228058882565,0.0804222805888256,5.551115123125783e-17,0.06046865059080579,0.0604686505908057,9.020562075079397e-17
XJTU_B2,2024,B2_3C_battery-7,190,TRAIL_full,0.009524987260340763,0.0095249872603407,6.245004513516506e-17,0.006808727187307716,0.0068087271873077,1.5612511283791264e-17
XJTU_B2,2024,B2_3C_battery-8,70,Local_linear_anchor,0.0690396392516463,0.0690396392516463,0.0,0.04257469807203952,0.0425746980720395,2.0816681711721685e-17
XJTU_B2,2024,B2_3C_battery-8,130,Local_linear_anchor,0.07067121194084004,0.07067121194084,4.163336342344337e-17,0.04226051597920979,0.0422605159792097,9.020562075079397e-17
XJTU_B2,2024,B2_3C_battery-8,190,Local_linear_anchor,0.06370390976339976,0.0637039097633997,6.938893903907228e-17,0.04036286520913579,0.0403628652091357,9.020562075079397e-17
XJTU_B2,2024,B2_3C_battery-8,70,TRAIL_Lite,0.04975035493771331,0.0497503549377133,1.3877787807814457e-17,0.03229807112012593,0.0322980711201259,2.7755575615628914e-17
XJTU_B2,2024,B2_3C_battery-8,130,TRAIL_Lite,0.041421554917914306,0.0414215549179143,6.938893903907228e-18,0.022605490892760625,0.0226054908927606,2.42861286636753e-17
XJTU_B2,2024,B2_3C_battery-8,190,TRAIL_Lite,0.05375558132956693,0.0537555813295669,3.469446951953614e-17,0.03624989825316839,0.0362498982531683,9.020562075079397e-17
XJTU_B2,2024,B2_3C_battery-8,70,TRAIL_full,0.07262548977461852,0.0726254897746185,2.7755575615628914e-17,0.048641574118477984,0.0486415741184779,8.326672684688674e-17
XJTU_B2,2024,B2_3C_battery-8,130,TRAIL_full,0.05713062170532548,0.0571306217053254,7.632783294297951e-17,0.03329076593165497,0.0332907659316549,6.938893903907228e-17
XJTU_B2,2024,B2_3C_battery-8,190,TRAIL_full,0.05139177414834235,0.0513917741483423,5.551115123125783e-17,0.03460536244937354,0.0346053624493735,4.163336342344337e-17
XJTU_B2,2024,B2_3C_battery-9,70,Local_linear_anchor,0.0925935025305491,0.0925935025305491,0.0,0.06503893260321927,0.0650389326032192,6.938893903907228e-17
XJTU_B2,2024,B2_3C_battery-9,130,Local_linear_anchor,0.05959420806313244,0.0595942080631324,4.163336342344337e-17,0.03857685136642969,0.0385768513664296,9.020562075079397e-17
XJTU_B2,2024,B2_3C_battery-9,190,Local_linear_anchor,0.044317006138269714,0.0443170061382697,1.3877787807814457e-17,0.03045004732152613,0.0304500473215261,3.122502256758253e-17
XJTU_B2,2024,B2_3C_battery-9,70,TRAIL_Lite,0.0909535156410612,0.0909535156410612,0.0,0.06060786781223138,0.0606078678122313,8.326672684688674e-17
XJTU_B2,2024,B2_3C_battery-9,130,TRAIL_Lite,0.01366398948736901,0.013663989487369,8.673617379884035e-18,0.011053922450141111,0.0110539224501411,1.0408340855860843e-17
XJTU_B2,2024,B2_3C_battery-9,190,TRAIL_Lite,0.034920064136938565,0.0349200641369385,6.245004513516506e-17,0.02934203964761501,0.029342039647615,1.0408340855860843e-17
XJTU_B2,2024,B2_3C_battery-9,70,TRAIL_full,0.10838777886670782,0.1083877788667078,1.3877787807814457e-17,0.08329152741221865,0.0832915274122186,5.551115123125783e-17
XJTU_B2,2024,B2_3C_battery-9,130,TRAIL_full,0.03377993141156141,0.0337799314115614,6.938893903907228e-18,0.024887981662108098,0.024887981662108,9.71445146547012e-17
XJTU_B2,2024,B2_3C_battery-9,190,TRAIL_full,0.006855211301150415,0.0068552113011504,1.5612511283791264e-17,0.0056452315067858794,0.0056452315067858,7.979727989493313e-17
XJTU_B2,3407,B2_3C_battery-1,70,Local_linear_anchor,0.09855256337077993,0.0985525633707799,2.7755575615628914e-17,0.06775529734184765,0.0677552973418476,5.551115123125783e-17
XJTU_B2,3407,B2_3C_battery-1,130,Local_linear_anchor,0.06588682950653928,0.0658868295065392,8.326672684688674e-17,0.03833781490978287,0.0383378149097828,6.938893903907228e-17
XJTU_B2,3407,B2_3C_battery-1,190,Local_linear_anchor,0.08455626599527286,0.0845562659952728,5.551115123125783e-17,0.060644005202329154,0.0606440052023291,5.551115123125783e-17
XJTU_B2,3407,B2_3C_battery-1,70,TRAIL_Lite,0.03315691395132919,0.0331569139513291,9.020562075079397e-17,0.026163088044745438,0.0261630880447454,3.8163916471489756e-17
XJTU_B2,3407,B2_3C_battery-1,130,TRAIL_Lite,0.030574279423303197,0.0305742794233031,9.71445146547012e-17,0.01979322184129782,0.0197932218412978,2.0816681711721685e-17
XJTU_B2,3407,B2_3C_battery-1,190,TRAIL_Lite,0.03715980235742707,0.037159802357427,6.938893903907228e-17,0.027476318159390868,0.0274763181593908,6.938893903907228e-17
XJTU_B2,3407,B2_3C_battery-1,70,TRAIL_full,0.060261204675320326,0.0602612046753203,2.7755575615628914e-17,0.04744306179946167,0.0474430617994616,6.938893903907228e-17
XJTU_B2,3407,B2_3C_battery-1,130,TRAIL_full,0.0985885785727904,0.0985885785727904,0.0,0.06569743946862242,0.0656974394686224,1.3877787807814457e-17
XJTU_B2,3407,B2_3C_battery-1,190,TRAIL_full,0.031608789399305295,0.0316087893993052,9.71445146547012e-17,0.02405837865581987,0.0240583786558198,6.938893903907228e-17
XJTU_B2,3407,B2_3C_battery-10,70,Local_linear_anchor,0.054714418487085546,0.0547144184870855,4.85722573273506e-17,0.033563595190974356,0.0335635951909743,5.551115123125783e-17
XJTU_B2,3407,B2_3C_battery-10,130,Local_linear_anchor,0.031746488868136594,0.0317464888681365,9.020562075079397e-17,0.023724220522485077,0.023724220522485,7.632783294297951e-17
XJTU_B2,3407,B2_3C_battery-10,70,TRAIL_Lite,0.01839075893905997,0.0183907589390599,6.938893903907228e-17,0.014445064575114158,0.0144450645751141,5.898059818321144e-17
XJTU_B2,3407,B2_3C_battery-10,130,TRAIL_Lite,0.042067814567707404,0.0420678145677074,6.938893903907228e-18,0.029341229486866165,0.0293412294868661,6.591949208711867e-17
XJTU_B2,3407,B2_3C_battery-10,70,TRAIL_full,0.04642229637606973,0.0464222963760697,3.469446951953614e-17,0.032512158180804974,0.0325121581808049,7.632783294297951e-17
XJTU_B2,3407,B2_3C_battery-10,130,TRAIL_full,0.04640000733288408,0.046400007332884,8.326672684688674e-17,0.03258685666573149,0.0325868566657314,9.020562075079397e-17
XJTU_B2,3407,B2_3C_battery-11,70,Local_linear_anchor,0.05670025987402122,0.0567002598740212,2.0816681711721685e-17,0.03652269880004499,0.0365226988000449,9.020562075079397e-17
XJTU_B2,3407,B2_3C_battery-11,70,TRAIL_Lite,0.015219626611271981,0.0152196266112719,8.153200337090993e-17,0.010611566769155444,0.0106115667691554,4.336808689942018e-17
XJTU_B2,3407,B2_3C_battery-11,70,TRAIL_full,0.03554142281321607,0.035541422813216,6.938893903907228e-17,0.02385087995730182,0.0238508799573018,2.0816681711721685e-17
XJTU_B2,3407,B2_3C_battery-12,70,Local_linear_anchor,0.06673593942739628,0.0667359394273962,8.326672684688674e-17,0.03968746577736634,0.0396874657773663,4.163336342344337e-17
XJTU_B2,3407,B2_3C_battery-12,130,Local_linear_anchor,0.0676935854467405,0.0676935854467405,0.0,0.04615905676413138,0.0461590567641313,8.326672684688674e-17
XJTU_B2,3407,B2_3C_battery-12,190,Local_linear_anchor,0.014775043468307962,0.0147750434683079,6.245004513516506e-17,0.010875002812808298,0.0108750028128082,9.8879238130678e-17
XJTU_B2,3407,B2_3C_battery-12,70,TRAIL_Lite,0.037264361067765095,0.037264361067765,9.71445146547012e-17,0.020384012171440202,0.0203840121714402,3.469446951953614e-18
XJTU_B2,3407,B2_3C_battery-12,130,TRAIL_Lite,0.052116922156840856,0.0521169221568408,5.551115123125783e-17,0.03563706944462311,0.0356370694446231,6.938893903907228e-18
XJTU_B2,3407,B2_3C_battery-12,190,TRAIL_Lite,0.009698645875023313,0.0096986458750233,1.3877787807814457e-17,0.006917645076652601,0.0069176450766526,8.673617379884035e-19
XJTU_B2,3407,B2_3C_battery-12,70,TRAIL_full,0.0519555739625326,0.0519555739625326,0.0,0.0262600209122932,0.0262600209122932,0.0
XJTU_B2,3407,B2_3C_battery-12,130,TRAIL_full,0.05781377343307466,0.0578137734330746,5.551115123125783e-17,0.03717101639073068,0.0371710163907306,7.632783294297951e-17
XJTU_B2,3407,B2_3C_battery-12,190,TRAIL_full,0.0034086318144115803,0.0034086318144115,8.023096076392733e-17,0.002326299289604261,0.0023262992896042,6.114900252818245e-17
XJTU_B2,3407,B2_3C_battery-13,70,Local_linear_anchor,0.07969757695838706,0.079697576958387,5.551115123125783e-17,0.04884986951718311,0.0488498695171831,1.3877787807814457e-17
XJTU_B2,3407,B2_3C_battery-13,130,Local_linear_anchor,0.08281092315350594,0.0828109231535059,4.163336342344337e-17,0.0581623869266154,0.0581623869266154,0.0
XJTU_B2,3407,B2_3C_battery-13,190,Local_linear_anchor,0.024179795450027377,0.0241797954500273,7.632783294297951e-17,0.01789039390435583,0.0178903939043558,3.122502256758253e-17
XJTU_B2,3407,B2_3C_battery-13,70,TRAIL_Lite,0.11083816261999987,0.1108381626199998,6.938893903907228e-17,0.07337566607950372,0.0733756660795037,1.3877787807814457e-17
XJTU_B2,3407,B2_3C_battery-13,130,TRAIL_Lite,0.03891959735722178,0.0389195973572217,8.326672684688674e-17,0.02531649880324092,0.0253164988032409,2.0816681711721685e-17
XJTU_B2,3407,B2_3C_battery-13,190,TRAIL_Lite,0.004987334827662671,0.0049873348276626,7.112366251504909e-17,0.003989384821483076,0.003989384821483,7.632783294297951e-17
XJTU_B2,3407,B2_3C_battery-13,70,TRAIL_full,0.07026619012701213,0.0702661901270121,2.7755575615628914e-17,0.0380615834683289,0.0380615834683289,0.0
XJTU_B2,3407,B2_3C_battery-13,130,TRAIL_full,0.09109461297390331,0.0910946129739033,1.3877787807814457e-17,0.06259111576846667,0.0625911157684666,6.938893903907228e-17
XJTU_B2,3407,B2_3C_battery-13,190,TRAIL_full,0.011514735960556745,0.0115147359605567,4.5102810375396984e-17,0.008014042759698544,0.0080140427596985,4.5102810375396984e-17
XJTU_B2,3407,B2_3C_battery-14,70,Local_linear_anchor,0.0586290171794855,0.0586290171794855,0.0,0.03615404614535767,0.0361540461453576,6.938893903907228e-17
XJTU_B2,3407,B2_3C_battery-14,130,Local_linear_anchor,0.019456575957656246,0.0194565759576562,4.5102810375396984e-17,0.015007826880375235,0.0150078268803752,3.469446951953614e-17
XJTU_B2,3407,B2_3C_battery-14,70,TRAIL_Lite,0.0025338729456464474,0.0025338729456464,4.7271214720367993e-17,0.001929469579226029,0.001929469579226,2.905661822261152e-17
XJTU_B2,3407,B2_3C_battery-14,130,TRAIL_Lite,0.0060304797212829345,0.0060304797212829,3.469446951953614e-17,0.004499412520592958,0.0044994125205929,5.811323644522304e-17
XJTU_B2,3407,B2_3C_battery-14,70,TRAIL_full,0.03636421003548829,0.0363642100354882,9.020562075079397e-17,0.02358249174730233,0.0235824917473023,3.122502256758253e-17
XJTU_B2,3407,B2_3C_battery-14,130,TRAIL_full,0.015841124303443095,0.015841124303443,9.367506770274758e-17,0.012057898561493693,0.0120578985614936,9.194034422677078e-17
XJTU_B2,3407,B2_3C_battery-15,70,Local_linear_anchor,0.0525459180707446,0.0525459180707446,0.0,0.03287775088699645,0.0328777508869964,5.551115123125783e-17
XJTU_B2,3407,B2_3C_battery-15,130,Local_linear_anchor,0.030936699972627643,0.0309366999726276,4.163336342344337e-17,0.023371584781733377,0.0233715847817333,7.632783294297951e-17
XJTU_B2,3407,B2_3C_battery-15,70,TRAIL_Lite,0.19890623785103462,0.1989062378510346,2.7755575615628914e-17,0.12404744720876043,0.1240474472087604,2.7755575615628914e-17
XJTU_B2,3407,B2_3C_battery-15,130,TRAIL_Lite,0.03658191389168389,0.0365819138916838,9.020562075079397e-17,0.025082907511775672,0.0250829075117756,7.28583859910259e-17
XJTU_B2,3407,B2_3C_battery-15,70,TRAIL_full,0.1348419077385104,0.1348419077385104,0.0,0.07917968471126724,0.0791796847112672,4.163336342344337e-17
XJTU_B2,3407,B2_3C_battery-15,130,TRAIL_full,0.022995408942133824,0.0229954089421338,2.42861286636753e-17,0.015247752125101894,0.0152477521251018,9.367506770274758e-17
XJTU_B2,3407,B2_3C_battery-2,70,Local_linear_anchor,0.07363322379789623,0.0736332237978962,2.7755575615628914e-17,0.04473483477412297,0.0447348347741229,6.938893903907228e-17
XJTU_B2,3407,B2_3C_battery-2,130,Local_linear_anchor,0.08531004552382364,0.0853100455238236,4.163336342344337e-17,0.055236377782874255,0.0552363777828742,5.551115123125783e-17
XJTU_B2,3407,B2_3C_battery-2,190,Local_linear_anchor,0.07151326747377974,0.0715132674737797,4.163336342344337e-17,0.047153222621183204,0.0471532226211832,6.938893903907228e-18
XJTU_B2,3407,B2_3C_battery-2,70,TRAIL_Lite,0.037164894036184816,0.0371648940361848,1.3877787807814457e-17,0.03380041772702486,0.0338004177270248,6.245004513516506e-17
XJTU_B2,3407,B2_3C_battery-2,130,TRAIL_Lite,0.04554857337961903,0.045548573379619,3.469446951953614e-17,0.0312177106514179,0.0312177106514179,0.0
XJTU_B2,3407,B2_3C_battery-2,190,TRAIL_Lite,0.05313438442298418,0.0531343844229841,8.326672684688674e-17,0.038754844009709286,0.0387548440097092,8.326672684688674e-17
XJTU_B2,3407,B2_3C_battery-2,70,TRAIL_full,0.024849347189467266,0.0248493471894672,6.591949208711867e-17,0.02142041879332357,0.0214204187933235,6.938893903907228e-17
XJTU_B2,3407,B2_3C_battery-2,130,TRAIL_full,0.08315873403291031,0.0831587340329103,1.3877787807814457e-17,0.0529004468909437,0.0529004468909437,0.0
XJTU_B2,3407,B2_3C_battery-2,190,TRAIL_full,0.11649541745266122,0.1164954174526612,1.3877787807814457e-17,0.08490440031527138,0.0849044003152713,8.326672684688674e-17
XJTU_B2,3407,B2_3C_battery-3,70,Local_linear_anchor,0.15395052351159363,0.1539505235115936,2.7755575615628914e-17,0.10962396894065828,0.1096239689406582,6.938893903907228e-17
XJTU_B2,3407,B2_3C_battery-3,130,Local_linear_anchor,0.08760019258122208,0.087600192581222,8.326672684688674e-17,0.05345134571329931,0.0534513457132993,1.3877787807814457e-17
XJTU_B2,3407,B2_3C_battery-3,190,Local_linear_anchor,0.11577998762583125,0.1157799876258312,5.551115123125783e-17,0.08796531189595709,0.087965311895957,9.71445146547012e-17
XJTU_B2,3407,B2_3C_battery-3,70,TRAIL_Lite,0.07313659327682029,0.0731365932768202,8.326672684688674e-17,0.052418795743947304,0.0524187957439473,6.938893903907228e-18
XJTU_B2,3407,B2_3C_battery-3,130,TRAIL_Lite,0.09025909618389755,0.0902590961838975,4.163336342344337e-17,0.06402134588524537,0.0640213458852453,6.938893903907228e-17
XJTU_B2,3407,B2_3C_battery-3,190,TRAIL_Lite,0.10184984707896716,0.1018498470789671,5.551115123125783e-17,0.07951279367009799,0.0795127936700979,8.326672684688674e-17
XJTU_B2,3407,B2_3C_battery-3,70,TRAIL_full,0.0853361339965144,0.0853361339965144,0.0,0.057307281479633675,0.0573072814796336,7.632783294297951e-17
XJTU_B2,3407,B2_3C_battery-3,130,TRAIL_full,0.0939975688617147,0.0939975688617147,0.0,0.06310458092986447,0.0631045809298644,6.938893903907228e-17
XJTU_B2,3407,B2_3C_battery-3,190,TRAIL_full,0.10687187245612781,0.1068718724561278,1.3877787807814457e-17,0.08326083804170291,0.0832608380417029,1.3877787807814457e-17
XJTU_B2,3407,B2_3C_battery-4,70,Local_linear_anchor,0.1085110206602952,0.1085110206602952,0.0,0.08096354985607913,0.0809635498560791,2.7755575615628914e-17
XJTU_B2,3407,B2_3C_battery-4,130,Local_linear_anchor,0.046123753201652073,0.046123753201652,7.632783294297951e-17,0.02917780372872252,0.0291778037287225,1.734723475976807e-17
XJTU_B2,3407,B2_3C_battery-4,190,Local_linear_anchor,0.0865081500869761,0.0865081500869761,0.0,0.0650652747880169,0.0650652747880169,0.0
XJTU_B2,3407,B2_3C_battery-4,70,TRAIL_Lite,0.013655046243338966,0.0136550462433389,6.591949208711867e-17,0.011902105489285355,0.0119021054892853,5.551115123125783e-17
XJTU_B2,3407,B2_3C_battery-4,130,TRAIL_Lite,0.04119618803865847,0.0411961880386584,6.938893903907228e-17,0.029397951727821725,0.0293979517278217,2.42861286636753e-17
XJTU_B2,3407,B2_3C_battery-4,190,TRAIL_Lite,0.03459821490661955,0.0345982149066195,5.551115123125783e-17,0.027222941548277303,0.0272229415482773,3.469446951953614e-18
XJTU_B2,3407,B2_3C_battery-4,70,TRAIL_full,0.04090296300539128,0.0409029630053912,7.632783294297951e-17,0.03480254584807658,0.0348025458480765,7.632783294297951e-17
XJTU_B2,3407,B2_3C_battery-4,130,TRAIL_full,0.020076903806102893,0.0200769038061028,9.367506770274758e-17,0.01633659449006829,0.0163365944900682,9.020562075079397e-17
XJTU_B2,3407,B2_3C_battery-4,190,TRAIL_full,0.03243373827536593,0.0324337382753659,2.7755575615628914e-17,0.022618765533744516,0.0226187655337445,1.734723475976807e-17
XJTU_B2,3407,B2_3C_battery-5,70,Local_linear_anchor,0.10347328742457056,0.1034732874245705,5.551115123125783e-17,0.07171072429856644,0.0717107242985664,4.163336342344337e-17
XJTU_B2,3407,B2_3C_battery-5,130,Local_linear_anchor,0.07861737585119219,0.0786173758511921,8.326672684688674e-17,0.04755052118884397,0.0475505211888439,6.938893903907228e-17
XJTU_B2,3407,B2_3C_battery-5,190,Local_linear_anchor,0.0836960917749466,0.0836960917749466,0.0,0.06046359154280314,0.0604635915428031,4.163336342344337e-17
XJTU_B2,3407,B2_3C_battery-5,70,TRAIL_Lite,0.03712821759806641,0.0371282175980664,6.938893903907228e-18,0.03078891967631798,0.0307889196763179,7.979727989493313e-17
XJTU_B2,3407,B2_3C_battery-5,130,TRAIL_Lite,0.01415319301067383,0.0141531930106738,2.949029909160572e-17,0.008907612413091482,0.0089076124130914,8.153200337090993e-17
XJTU_B2,3407,B2_3C_battery-5,190,TRAIL_Lite,0.014850009633214974,0.0148500096332149,7.45931094670027e-17,0.010523073948909816,0.0105230739489098,1.5612511283791264e-17
XJTU_B2,3407,B2_3C_battery-5,70,TRAIL_full,0.05478722610518409,0.054787226105184,9.020562075079397e-17,0.039214081156246326,0.0392140811562463,2.7755575615628914e-17
XJTU_B2,3407,B2_3C_battery-5,130,TRAIL_full,0.0657832963903821,0.0657832963903821,0.0,0.044975002556401925,0.0449750025564019,2.7755575615628914e-17
XJTU_B2,3407,B2_3C_battery-5,190,TRAIL_full,0.012042939902808967,0.0120429399028089,6.765421556309548e-17,0.009105758082564279,0.0091057580825642,7.806255641895632e-17
XJTU_B2,3407,B2_3C_battery-6,70,Local_linear_anchor,0.08573854346523156,0.0857385434652315,5.551115123125783e-17,0.05699899798915663,0.0569989979891566,2.7755575615628914e-17
XJTU_B2,3407,B2_3C_battery-6,130,Local_linear_anchor,0.08421737774369929,0.0842173777436992,9.71445146547012e-17,0.05430175169524646,0.0543017516952464,6.245004513516506e-17
XJTU_B2,3407,B2_3C_battery-6,190,Local_linear_anchor,0.0716395526292414,0.0716395526292414,0.0,0.04880241836897222,0.0488024183689722,2.0816681711721685e-17
XJTU_B2,3407,B2_3C_battery-6,70,TRAIL_Lite,0.02108070964980364,0.0210807096498036,4.163336342344337e-17,0.01825330518757136,0.0182533051875713,5.898059818321144e-17
XJTU_B2,3407,B2_3C_battery-6,130,TRAIL_Lite,0.009317347196891684,0.0093173471968916,8.326672684688674e-17,0.0075387911981060615,0.007538791198106,6.158268339717665e-17
XJTU_B2,3407,B2_3C_battery-6,190,TRAIL_Lite,0.008494747467038809,0.0084947474670388,8.673617379884035e-18,0.006878615560985756,0.0068786155609857,5.637851296924623e-17
XJTU_B2,3407,B2_3C_battery-6,70,TRAIL_full,0.012018130907220134,0.0120181309072201,3.469446951953614e-17,0.010716311963507398,0.0107163119635073,9.8879238130678e-17
XJTU_B2,3407,B2_3C_battery-6,130,TRAIL_full,0.02584790988226613,0.0258479098822661,3.122502256758253e-17,0.018747315583484515,0.0187473155834845,1.3877787807814457e-17
XJTU_B2,3407,B2_3C_battery-6,190,TRAIL_full,0.031405181874600695,0.0314051818746006,9.71445146547012e-17,0.025897603562383926,0.0258976035623839,2.42861286636753e-17
XJTU_B2,3407,B2_3C_battery-7,70,Local_linear_anchor,0.17467927950333884,0.1746792795033388,2.7755575615628914e-17,0.12960275006436045,0.1296027500643604,5.551115123125783e-17
XJTU_B2,3407,B2_3C_battery-7,130,Local_linear_anchor,0.09715191883662531,0.0971519188366253,1.3877787807814457e-17,0.06423507845611699,0.0642350784561169,9.71445146547012e-17
XJTU_B2,3407,B2_3C_battery-7,190,Local_linear_anchor,0.08568745548239362,0.0856874554823936,1.3877787807814457e-17,0.06392254607700151,0.0639225460770015,1.3877787807814457e-17
XJTU_B2,3407,B2_3C_battery-7,70,TRAIL_Lite,0.10979155932710563,0.1097915593271056,2.7755575615628914e-17,0.05259932393365664,0.0525993239336566,4.163336342344337e-17
XJTU_B2,3407,B2_3C_battery-7,130,TRAIL_Lite,0.04788153794742747,0.0478815379474274,6.938893903907228e-17,0.030518051667909055,0.030518051667909,5.551115123125783e-17
XJTU_B2,3407,B2_3C_battery-7,190,TRAIL_Lite,0.05505393291171562,0.0550539329117156,2.0816681711721685e-17,0.039839708668317,0.039839708668317,0.0
XJTU_B2,3407,B2_3C_battery-7,70,TRAIL_full,0.03618965558684602,0.036189655586846,2.0816681711721685e-17,0.029472531212518353,0.0294725312125183,5.204170427930421e-17
XJTU_B2,3407,B2_3C_battery-7,130,TRAIL_full,0.05590182381640005,0.0559018238164,4.85722573273506e-17,0.045409933184640296,0.0454099331846402,9.71445146547012e-17
XJTU_B2,3407,B2_3C_battery-7,190,TRAIL_full,0.0811738618249451,0.0811738618249451,0.0,0.056213947370070835,0.0562139473700708,3.469446951953614e-17
XJTU_B2,3407,B2_3C_battery-8,70,Local_linear_anchor,0.0690396392516463,0.0690396392516463,0.0,0.04257469807203952,0.0425746980720395,2.0816681711721685e-17
XJTU_B2,3407,B2_3C_battery-8,130,Local_linear_anchor,0.07067121194084004,0.07067121194084,4.163336342344337e-17,0.04226051597920979,0.0422605159792097,9.020562075079397e-17
XJTU_B2,3407,B2_3C_battery-8,190,Local_linear_anchor,0.06370390976339976,0.0637039097633997,6.938893903907228e-17,0.04036286520913579,0.0403628652091357,9.020562075079397e-17
XJTU_B2,3407,B2_3C_battery-8,70,TRAIL_Lite,0.06422950317510703,0.064229503175107,2.7755575615628914e-17,0.05109828982148854,0.0510982898214885,4.163336342344337e-17
XJTU_B2,3407,B2_3C_battery-8,130,TRAIL_Lite,0.06457334052546095,0.0645733405254609,4.163336342344337e-17,0.04261113146275892,0.0426111314627589,2.0816681711721685e-17
XJTU_B2,3407,B2_3C_battery-8,190,TRAIL_Lite,0.05945109309670425,0.0594510930967042,5.551115123125783e-17,0.04102422389813834,0.0410242238981383,4.163336342344337e-17
XJTU_B2,3407,B2_3C_battery-8,70,TRAIL_full,0.06977989998813232,0.0697798999881323,1.3877787807814457e-17,0.051859431002480666,0.0518594310024806,6.938893903907228e-17
XJTU_B2,3407,B2_3C_battery-8,130,TRAIL_full,0.08044676331891822,0.0804467633189182,1.3877787807814457e-17,0.05156252316942022,0.0515625231694202,2.0816681711721685e-17
XJTU_B2,3407,B2_3C_battery-8,190,TRAIL_full,0.07750536377811391,0.0775053637781139,1.3877787807814457e-17,0.05352087315150671,0.0535208731515067,6.938893903907228e-18
XJTU_B2,3407,B2_3C_battery-9,70,Local_linear_anchor,0.0925935025305491,0.0925935025305491,0.0,0.06503893260321927,0.0650389326032192,6.938893903907228e-17
XJTU_B2,3407,B2_3C_battery-9,130,Local_linear_anchor,0.05959420806313244,0.0595942080631324,4.163336342344337e-17,0.03857685136642969,0.0385768513664296,9.020562075079397e-17
XJTU_B2,3407,B2_3C_battery-9,190,Local_linear_anchor,0.044317006138269714,0.0443170061382697,1.3877787807814457e-17,0.03045004732152613,0.0304500473215261,3.122502256758253e-17
XJTU_B2,3407,B2_3C_battery-9,70,TRAIL_Lite,0.5732555804449104,0.5732555804449104,0.0,0.35881901424303114,0.3588190142430311,5.551115123125783e-17
XJTU_B2,3407,B2_3C_battery-9,130,TRAIL_Lite,0.056344413441983876,0.0563444134419838,7.632783294297951e-17,0.029830429525783218,0.0298304295257832,1.734723475976807e-17
XJTU_B2,3407,B2_3C_battery-9,190,TRAIL_Lite,0.10142835630395212,0.1014283563039521,2.7755575615628914e-17,0.06803178325984545,0.0680317832598454,5.551115123125783e-17
XJTU_B2,3407,B2_3C_battery-9,70,TRAIL_full,0.005395696339982804,0.0053956963399828,4.336808689942018e-18,0.00417831157900299,0.0041783115790029,9.020562075079397e-17
XJTU_B2,3407,B2_3C_battery-9,130,TRAIL_full,0.06910161536848614,0.0691016153684861,4.163336342344337e-17,0.04883438366602723,0.0488343836660272,2.7755575615628914e-17
XJTU_B2,3407,B2_3C_battery-9,190,TRAIL_full,0.038793797300584215,0.0387937973005842,1.3877787807814457e-17,0.032043955064135904,0.0320439550641359,6.938893903907228e-18
